Abbreviated.Name,CO3,IGKC,CO4A,APOA1,IGHM,IGHG1,APOE,IGLL5,CLUS,IGHA1,VTNC,ITIH4,A1AT,APOB,THRB,CO4B,HV305,ANT3,HRG,APOA2,C4BPA,TTHY,IGHG3,A2MG,IGHG2,KV302,LAC2,KNG1,APOC3,HPTR,IPSP,SAMP,GELS,GFAP,TRFE,PRG4,APOC4,A2AP,CFAH,APOA4,HV304,ITIH2,FA5,MUCB,PF4V,HEP2,SEPP1,SAA4,HBB,FHR1,SAA,CD5L,APOH,PLF4,G3P,CO9,IC1,FA11,APOC1,FETUA,KLKB1,APOL1,IGHA2,ITIH1,AMBP,IGJ,IGHG4,HPT,AACT,LBP,PROS,APOC2,SPP24,IBP4,C1R,CBPD,CI174,FA12,HGFA,FA10,VTDB,C1QB,PLMN,HABP2,HV302,C1QC,CFAB,FA9,ANGI,HEMO,HV303,CBPB2,LV403,TLN1,ZPI,C1S,PON1,TRFL,S10A9,HBA,PROC,C4BPB,TFPI1,IBP2,COIA1,KV402,CERU,PROZ,PLEK,ANGT,MYH9,FIBA,H2A1B,DCD,FHR5,TETN,CBPN,KV101,ASPN,LV302,URP2,TSP1,IGF2,APOF,APOA,KCRM,FA7,CFAI,GAS6,KV105,A1AG1,DSG1,FA8,APOA5,CFAD,DEF1,KV104,SDPR,H2A2A,CXCL7,KV201,APOD,S10A8,A1BG,FCN1,FCN2,ITIH3,CRP,PROP,RAP1A,ZA2G,KPYM,CO7,CO6,HV102,IBP5,CAMP,ENPL,RIPK1,FHR2,PIP,ALS,PGRP2,LV102,FILA2,COF1,CO2,LV301,LUM,MARCO,PRAP1,DESP,VIE2,C1QA,LYSC,PGCA,APOM,ITA2B,ORF23,CD180,HV207,RNAS4,FINC,PLAK,CO8A,HV320,CO5,IBP3,OR5BL,NRP1,CYTC,MASP1,PEDF,ITB3,H2B1B,CO8B,PABP4,CALL6,CCL18,KIF2C,AFAM,RARR2,FETUB,UL87,SC24A,FCN3,RDH14,KV204,H2AY,LG3BP,TRAF7,LCAT,NP1L1,IGHD,RL40,PI42A,IGF1,COMP,SPEF2,OR5F1,RBM8A,HV319,MYH10,A4,SYMPK,DERM,MOES,KV303,MUC16,TARSH,A1AG2,OR5L2,LIMS1,TMPS6,KV121,GPX3,BIN2,PASK,KAIN,MASP2,CAP7,EF1A1,NEK11,RETN,S10A7,KV119,POLG,STK33,OR8G1,SYNE2,TBA1A,ABCBB,NFYC,FBN1
Full.Name,Complement C3 ,Ig kappa chain C region ,Complement C4-A ,Apolipoprotein A-I ,Ig mu chain C region ,Ig gamma-1 chain C region ,Apolipoprotein E ,Immunoglobulin lambda-like polypeptide 5 ,Clusterin ,Ig alpha-1 chain C region ,Vitronectin ,Inter-alpha-trypsin inhibitor heavy chain H4 ,Alpha-1-antitrypsin ,Apolipoprotein B-100 ,Prothrombin ,Complement C4-B ,Ig heavy chain V-III region BRO ,Antithrombin-III ,Histidine-rich glycoprotein ,Apolipoprotein A-II ,C4b-binding protein alpha chain ,Transthyretin ,Ig gamma-3 chain C region ,Alpha-2-macroglobulin ,Ig gamma-2 chain C region ,Ig kappa chain V-III region SIE ,Ig lambda-2 chain C regions ,Kininogen-1 ,Apolipoprotein C-III ,Haptoglobin-related protein ,Plasma serine protease inhibitor ,Serum amyloid P-component ,Gelsolin ,Glial fibrillary acidic protein ,Serotransferrin ,Proteoglycan 4 ,Apolipoprotein C-IV ,Alpha-2-antiplasmin ,Complement factor H ,Apolipoprotein A-IV ,Ig heavy chain V-III region TIL ,Inter-alpha-trypsin inhibitor heavy chain H2 ,Coagulation factor V ,Ig mu heavy chain disease protein ,Platelet factor 4 variant ,Heparin cofactor 2 ,Selenoprotein P ,Serum amyloid A-4 protein ,Hemoglobin subunit beta ,Complement factor H-related protein 1 ,Serum amyloid A protein ,CD5 antigen-like ,Beta-2-glycoprotein 1 ,Platelet factor 4 ,Glyceraldehyde-3-phosphate dehydrogenase ,Complement component C9 ,Plasma protease C1 inhibitor ,Coagulation factor XI ,Apolipoprotein C-I ,Alpha-2-HS-glycoprotein ,Plasma kallikrein ,Apolipoprotein L1 ,Ig alpha-2 chain C region ,Inter-alpha-trypsin inhibitor heavy chain H1 ,Protein AMBP ,Immunoglobulin J chain ,Ig gamma-4 chain C region ,Haptoglobin ,Alpha-1-antichymotrypsin ,Lipopolysaccharide-binding protein ,Vitamin K-dependent protein S ,Apolipoprotein C-II ,Secreted phosphoprotein 24 ,Insulin-like growth factor-binding protein 4 ,Complement C1r subcomponent ,Carboxypeptidase D ,Uncharacterized protein C9orf174 ,Coagulation factor XII ,Hepatocyte growth factor activator ,Coagulation factor X ,Vitamin D-binding protein ,Complement C1q subcomponent subunit B ,Plasminogen ,Hyaluronan-binding protein 2 ,Ig heavy chain V-III region WEA ,Complement C1q subcomponent subunit C ,Complement factor B ,Coagulation factor IX ,Angiogenin ,Hemopexin ,Ig heavy chain V-III region VH26 ,Carboxypeptidase B2 ,Ig lambda chain V-IV region Hil ,Talin-1 ,Protein Z-dependent protease inhibitor ,Complement C1s subcomponent ,Serum paraoxonase/arylesterase 1 ,Lactotransferrin ,Protein S100-A9 ,Hemoglobin subunit alpha ,Vitamin K-dependent protein C ,C4b-binding protein beta chain ,Tissue factor pathway inhibitor ,Insulin-like growth factor-binding protein 2 ,Collagen alpha-1(XVIII) chain ,Ig kappa chain V-IV region Len ,Ceruloplasmin ,Vitamin K-dependent protein Z ,Pleckstrin ,Angiotensinogen ,Myosin-9 ,Fibrinogen alpha chain ,Histone H2A type 1-B/E ,Dermcidin ,Complement factor H-related protein 5 ,Tetranectin ,Carboxypeptidase N catalytic chain ,Ig kappa chain V-I region AG ,Asporin ,Ig lambda chain V-III region LOI ,Fermitin family homolog 3 ,Thrombospondin-1 ,Insulin-like growth factor II ,Apolipoprotein F ,Apolipoprotein(a) ,Creatine kinase M-type ,Coagulation factor VII ,Complement factor I ,Growth arrest-specific protein 6 ,Ig kappa chain V-I region DEE ,Alpha-1-acid glycoprotein 1 ,Desmoglein-1 ,Coagulation factor VIII ,Apolipoprotein A-V ,Complement factor D ,Neutrophil defensin 1 ,Ig kappa chain V-I region CAR ,Serum deprivation-response protein ,Histone H2A type 2-A ,Platelet basic protein ,Ig kappa chain V-II region Cum ,Apolipoprotein D ,Protein S100-A8 ,Alpha-1B-glycoprotein ,Ficolin-1 ,Ficolin-2 ,Inter-alpha-trypsin inhibitor heavy chain H3 ,C-reactive protein ,Properdin ,Ras-related protein Rap-1A ,Zinc-alpha-2-glycoprotein ,Pyruvate kinase isozymes M1/M2 ,Complement component C7 ,Complement component C6 ,Ig heavy chain V-I region HG3 ,Insulin-like growth factor-binding protein 5 ,Cathelicidin antimicrobial peptide ,Endoplasmin ,Receptor-interacting serine/threonine-protein kinase 1 ,Complement factor H-related protein 2 ,Prolactin-inducible protein ,Insulin-like growth factor-binding protein complex acid labile subunit ,N-acetylmuramoyl-L-alanine amidase ,Ig lambda chain V-I region HA ,Filaggrin-2 ,Cofilin-1 ,Complement C2 ,Ig lambda chain V-III region SH ,Lumican ,Macrophage receptor MARCO ,Proline-rich acidic protein 1 ,Desmoplakin ,45 kDa immediate-early protein 2 ,Complement C1q subcomponent subunit A ,Lysozyme C ,Aggrecan core protein ,Apolipoprotein M ,Integrin alpha-IIb ,Probable protein VP2 ,CD180 antigen ,Ig heavy chain V-II region NEWM ,Ribonuclease 4 ,Fibronectin ,Junction plakoglobin ,Complement component C8 alpha chain ,Ig heavy chain V-III region GAL ,Complement C5 ,Insulin-like growth factor-binding protein 3 ,Olfactory receptor 5B21 ,Neuropilin-1 ,Cystatin-C ,Mannan-binding lectin serine protease 1 ,Pigment epithelium-derived factor ,Integrin beta-3 ,Histone H2B type 1-B ,Complement component C8 beta chain ,Polyadenylate-binding protein 4 ,Calmodulin-like protein 6 ,C-C motif chemokine 18 ,Kinesin-like protein KIF2C ,Afamin ,Retinoic acid receptor responder protein 2 ,Fetuin-B ,Protein U58 ,Protein transport protein Sec24A ,Ficolin-3 ,Retinol dehydrogenase 14 ,Ig kappa chain V-II region TEW ,Core histone macro-H2A.1 ,Galectin-3-binding protein ,E3 ubiquitin-protein ligase TRAF7 ,Phosphatidylcholine-sterol acyltransferase ,Nucleosome assembly protein 1-like 1 ,Ig delta chain C region ,Ubiquitin-60S ribosomal protein L40 ,Phosphatidylinositol-5-phosphate 4-kinase type-2 alpha ,Insulin-like growth factor I ,Cartilage oligomeric matrix protein ,Sperm flagellar protein 2 ,Olfactory receptor 5F1 ,RNA-binding protein 8A ,Ig heavy chain V-III region JON ,Myosin-10 ,Amyloid beta A4 protein ,Symplekin ,Dermatopontin ,Moesin ,Ig kappa chain V-III region NG9 (Fragment) ,Mucin-16 ,Target of Nesh-SH3 ,Alpha-1-acid glycoprotein 2 ,Olfactory receptor 5L2 ,LIM and senescent cell antigen-like-containing domain protein 1 ,Transmembrane protease serine 6 ,Ig kappa chain V-I region Ni ,Glutathione peroxidase 3 ,Bridging integrator 2 ,PAS domain-containing serine/threonine-protein kinase ,Kallistatin ,Mannan-binding lectin serine protease 2 ,Azurocidin ,Elongation factor 1-alpha 1 ,Serine/threonine-protein kinase Nek11 ,Resistin ,Protein S100-A7 ,Ig kappa chain V-I region Wes ,Genome polyprotein ,Serine/threonine-protein kinase 33 ,Olfactory receptor 8G1 ,Nesprin-2 ,Tubulin alpha-1A chain ,Bile salt export pump ,Nuclear transcription factor Y subunit gamma ,Fibrillin-1 
Accession,P01024,P01834,P0C0L4,P02647,P01871,P01857,P02649,B9A064,P10909,P01876,P04004,Q14624,P01009,P04114,P00734,P0C0L5,P01766,P01008,P04196,P02652,P04003,P02766,P01860,P01023,P01859,P01620,P0CG05,P01042,P02656,P00739,P05154,P02743,P06396,P14136,P02787,Q92954,P55056,P08697,P08603,P06727,P01765,P19823,P12259,P04220,P10720,P05546,P49908,P35542,P68871,Q03591,P02735,O43866,P02749,P02776,P04406,P02748,P05155,P03951,P02654,P02765,P03952,O14791,P01877,P19827,P02760,P01591,P01861,P00738,P01011,P18428,P07225,P02655,Q13103,P22692,P00736,O75976,Q9P1Z9,P00748,Q04756,P00742,P02774,P02746,P00747,Q14520,P01763,P02747,P00751,P00740,P03950,P02790,P01764,Q96IY4,P01717,Q9Y490,Q9UK55,P09871,P27169,P02788,P06702,P69905,P04070,P20851,P10646,P18065,P39060,P01625,P00450,P22891,P08567,P01019,P35579,P02671,P04908,P81605,Q9BXR6,P05452,P15169,P01593,Q9BXN1,P80748,Q86UX7,P07996,P01344,Q13790,P08519,P06732,P08709,P05156,Q14393,P01597,P02763,Q02413,P00451,Q6Q788,P00746,P59665,P01596,O95810,Q6FI13,P02775,P01614,P05090,P05109,P04217,O00602,Q15485,Q06033,P02741,P27918,P62834,P25311,P14618,P10643,P13671,P01743,P24593,P49913,P14625,Q13546,P36980,P12273,P35858,Q96PD5,P01700,Q5D862,P23528,P06681,P01714,P51884,Q9UEW3,Q96NZ9,P15924,P06435,P02745,P61626,P16112,O95445,P08514,Q914N2,Q99467,P01825,P34096,P02751,P14923,P07357,P01781,P01031,P17936,A6NL26,O14786,P01034,P48740,P36955,P05106,P33778,P07358,Q13310,Q8TD86,P55774,Q99661,P43652,Q99969,Q9UGM5,P24437,O95486,O75636,Q9HBH5,P01617,O75367,Q08380,Q6Q0C0,P04180,P55209,P01880,P62987,P48426,P05019,P49747,Q9C093,O95221,Q9Y5S9,P01780,P35580,P05067,Q92797,Q07507,P26038,P01621,Q8WXI7,Q7Z7G0,P19652,Q8NGL0,P48059,Q8IU80,P01613,P22352,Q9UBW5,Q96RG2,P29622,O00187,P20160,P68104,Q8NG66,Q9HD89,P31151,P01611,P03303,Q9BYT3,Q15617,Q8WXH0,Q71U36,O95342,Q13952,P35555
G15.AC,145,23,54,9,33,29,169,7,25,16,66,5,13,157,122,3,1,221,87,6,63,4,10,23,7,3,14,40,0,4,21,62,13,0,0,46,0,2,43,0,1,18,8,1,3,15,6,0,0,4,0,0,0,0,3,11,8,27,0,0,0,3,2,7,0,0,1,0,1,0,6,0,5,0,23,1,0,9,0,0,0,16,1,0,0,16,0,0,5,0,2,5,1,15,0,20,0,21,0,0,0,3,4,0,0,0,0,0,0,0,10,0,0,0,26,0,1,0,3,0,3,76,0,0,0,0,0,0,0,0,0,0,0,0,0,0,0,0,0,0,0,1,0,0,0,0,0,0,4,0,0,6,0,0,0,0,0,0,0,0,0,0,0,0,0,0,0,1,0,2,0,0,0,6,0,0,0,0,0,0,0,0,44,0,0,0,0,0,0,0,0,0,0,0,0,0,0,1,0,0,0,0,0,0,0,0,2,0,0,0,0,0,0,0,0,2,0,1,0,0,0,0,0,0,0,0,0,0,0,0,0,0,0,0,0,0,0,0,0,0,0,0,0,0,0,0,0,0,0,0,0,0,0,0
G15.AHT,57,42,145,21,48,41,5,7,14,30,57,13,44,56,694,20,2,124,5,8,335,11,3,12,3,3,14,0,1,5,0,7,1,0,12,0,0,9,0,3,2,14,7,15,1,0,0,0,0,0,0,8,0,0,0,0,1,0,0,0,0,0,0,0,13,3,1,5,0,0,180,0,8,0,1,0,0,0,0,217,2,0,0,0,1,0,0,134,0,0,0,0,0,0,9,0,0,0,0,0,64,21,2,0,3,0,0,36,7,2,0,0,0,0,0,0,0,0,5,0,0,4,0,0,0,0,26,0,3,0,0,0,0,0,0,0,0,1,0,0,1,0,0,0,0,0,0,0,0,0,0,0,0,0,0,0,0,4,2,0,0,0,0,0,0,0,0,0,0,3,0,0,0,0,0,0,0,2,0,0,0,0,0,0,0,0,0,0,0,0,0,0,0,0,0,0,0,0,0,0,0,0,0,0,0,0,0,0,0,0,0,0,0,0,0,0,0,0,0,0,2,0,0,0,0,0,0,0,0,0,0,0,0,0,0,0,0,0,0,0,0,0,0,0,0,0,0,0,0,0,0,2,0,0
G15.Ala.SH,101,7,22,7,10,4,134,2,11,7,106,3,8,21,154,2,0,390,39,13,0,6,2,11,0,0,0,21,0,0,13,20,3,1,0,11,0,9,0,0,0,4,0,1,8,20,4,0,0,7,0,0,0,3,1,4,0,0,0,0,0,0,0,0,0,0,0,0,0,1,0,0,2,2,0,0,0,5,1,0,0,0,0,0,0,0,0,0,10,0,0,0,0,0,0,0,0,13,0,0,0,0,0,0,0,0,0,0,0,0,0,0,0,0,7,0,0,0,0,0,0,21,0,0,0,0,0,0,0,0,0,0,0,0,0,2,0,2,0,0,0,0,0,0,0,0,0,0,0,0,0,2,0,0,0,0,0,0,0,0,0,0,0,0,0,0,0,0,0,0,0,0,0,0,0,0,0,0,0,0,0,0,0,0,0,0,0,0,0,0,0,0,0,0,0,0,0,0,0,0,0,0,0,0,0,0,2,0,0,0,0,0,0,0,0,0,0,0,0,0,0,0,0,0,0,0,0,0,0,0,0,0,0,0,0,0,0,0,0,0,0,0,0,0,0,0,0,0,0,0,0,0,0,0
G15.Asn.SH,107,15,20,9,19,6,129,7,7,8,90,5,4,33,134,3,1,364,51,8,2,5,1,6,1,0,6,22,0,0,15,68,6,0,0,11,0,7,9,0,0,0,0,1,5,12,2,0,0,13,0,0,0,4,2,1,0,0,0,0,0,0,0,0,0,0,0,0,0,1,0,0,3,2,0,0,0,0,2,0,0,0,0,0,0,0,0,0,9,0,0,3,0,0,0,0,0,16,0,0,0,0,2,0,0,0,0,0,0,0,0,0,0,0,6,0,2,0,0,0,0,12,1,0,0,0,0,0,0,0,0,0,0,0,0,2,0,3,0,0,0,0,0,0,0,0,0,0,0,0,0,0,0,0,0,0,0,0,0,0,0,0,0,0,0,0,0,0,0,0,0,0,0,0,0,0,0,0,0,0,0,0,0,0,0,0,0,0,0,0,0,1,0,0,0,0,0,0,0,0,0,0,0,0,0,0,0,0,0,0,0,0,0,0,0,0,0,0,0,0,0,0,0,0,0,0,0,0,0,0,0,0,0,0,0,0,0,0,0,0,0,0,0,0,0,0,0,0,0,0,0,0,0,0
G15.AUT,58,35,130,30,39,15,29,6,19,22,226,6,47,56,536,13,1,102,4,8,239,58,5,13,2,0,6,0,1,5,3,5,0,0,5,0,0,18,0,13,1,26,14,10,0,5,0,0,2,0,0,5,0,0,0,0,0,0,0,0,0,0,0,14,2,4,0,0,0,0,121,9,9,0,0,0,0,0,0,110,3,0,0,48,0,0,0,63,0,0,0,0,0,0,1,0,0,0,0,0,53,14,2,0,2,0,1,46,8,1,0,0,0,0,0,0,0,0,0,0,0,17,2,0,0,0,18,0,2,0,0,0,1,0,0,0,0,2,0,0,1,0,0,0,0,0,0,0,0,0,0,0,0,0,0,0,0,0,0,0,0,0,0,0,0,0,0,0,0,0,0,0,0,0,0,0,0,0,0,8,0,0,0,0,0,0,0,0,0,0,0,0,0,0,0,0,0,0,0,1,0,0,0,0,0,0,0,0,0,0,0,0,1,0,0,0,0,1,1,0,0,0,0,0,0,0,0,0,0,0,0,0,0,0,0,0,0,0,0,0,0,0,0,0,0,0,0,0,0,0,0,0,0,0
G15.CALNN,66,9,52,13,10,22,16,5,12,12,82,34,15,0,214,2,2,281,109,0,0,5,7,18,3,0,7,86,0,2,50,103,8,1,2,47,0,4,6,0,1,8,8,0,4,16,3,0,0,6,0,1,20,1,2,0,0,26,0,0,37,0,2,0,0,0,0,0,0,0,0,0,3,2,0,1,0,0,0,0,0,0,0,6,0,0,18,0,4,0,0,3,0,0,0,0,0,37,2,0,0,0,0,0,2,0,0,0,0,0,0,0,0,0,6,0,4,0,3,0,0,0,0,0,0,0,0,8,0,0,0,0,0,0,5,0,0,0,0,0,0,0,2,0,0,0,0,0,0,0,0,0,0,0,0,0,0,0,0,0,0,0,0,0,0,0,0,0,0,0,0,0,0,0,0,0,0,0,0,0,0,0,0,0,0,0,0,0,0,0,0,1,0,0,0,0,0,0,0,0,0,0,0,0,0,2,0,0,0,0,0,0,0,0,0,0,0,0,0,0,0,0,0,0,0,0,0,0,0,0,0,0,0,0,0,0,0,0,0,0,1,0,0,0,0,0,0,0,0,0,0,0,0,0
G15.CIT,233,53,71,33,21,59,22,25,14,36,68,118,12,14,45,0,4,156,35,5,19,2,13,20,12,8,22,137,11,0,52,2,45,0,52,23,6,11,79,11,1,10,0,0,0,4,1,0,0,8,1,0,60,0,0,0,15,35,5,15,27,0,0,5,0,0,1,0,8,4,0,1,0,0,0,0,0,4,1,0,8,1,6,0,0,3,16,0,0,22,2,0,1,0,0,1,0,0,0,0,0,0,0,3,2,2,0,0,0,0,0,2,0,0,0,11,0,1,0,1,0,0,0,0,0,0,0,5,0,0,0,0,0,0,4,0,0,0,0,2,0,0,0,0,0,0,0,0,0,0,0,0,0,3,0,0,0,0,0,0,0,0,0,1,0,0,0,0,0,0,0,0,0,0,0,0,0,0,0,0,0,0,0,0,0,0,0,0,0,0,0,0,0,0,0,0,0,0,0,0,0,0,0,0,0,0,0,0,0,0,0,0,0,3,0,0,0,0,0,0,0,0,0,0,0,0,0,0,0,0,0,0,0,0,0,0,0,0,0,0,0,0,0,0,0,0,0,0,0,0,0,0,0,0
G15.cPEG5K.SH,90,42,41,20,16,23,26,14,21,35,21,143,10,0,7,0,1,9,21,0,10,2,8,14,4,4,13,109,21,0,22,0,42,0,2,18,10,0,100,10,1,0,9,4,5,0,0,3,0,21,11,0,63,2,0,0,17,19,6,3,23,0,0,0,0,1,0,0,3,3,0,0,0,0,8,0,0,8,0,0,1,0,0,0,0,0,6,0,0,2,0,0,1,0,0,4,0,0,0,0,0,0,0,2,2,0,0,0,0,0,0,12,5,0,0,14,0,0,0,0,0,0,0,0,0,0,0,0,0,0,0,0,0,0,9,0,0,0,1,5,0,0,0,0,0,0,0,0,1,0,0,0,0,0,0,0,0,0,0,1,0,0,0,0,0,0,3,0,0,0,0,0,0,0,0,0,0,0,0,0,0,0,0,0,0,0,0,0,0,0,0,0,3,0,0,0,0,0,0,0,0,0,0,0,0,0,0,0,0,0,0,0,0,0,0,0,0,0,0,0,0,0,0,0,0,0,0,0,0,0,0,0,0,0,0,0,0,0,0,0,0,0,0,0,0,0,0,0,0,0,0,0,0,1
G15.cPEG5K.SH..LD.,146,40,93,21,19,46,20,16,27,74,20,124,11,7,9,2,3,2,16,6,23,8,10,14,7,2,13,150,26,3,24,0,57,2,0,18,12,3,138,17,1,0,0,5,0,0,1,6,0,45,17,2,173,0,0,0,25,26,6,11,37,0,3,2,0,4,1,0,3,4,0,0,0,1,5,1,2,12,0,0,1,0,1,0,1,3,11,0,0,0,1,0,1,0,0,3,0,0,0,0,0,0,0,3,2,0,0,0,0,0,0,14,0,0,0,14,0,0,0,1,0,0,0,0,0,0,0,1,0,0,0,0,0,0,10,0,0,0,0,10,0,0,0,0,0,0,0,0,0,0,0,0,0,0,0,0,0,0,0,1,0,0,0,0,0,0,2,1,0,0,2,0,0,0,0,0,0,0,0,0,1,0,0,0,0,0,0,0,0,0,2,0,0,0,0,0,0,0,0,0,0,0,0,0,0,0,0,0,0,0,0,0,0,0,0,0,0,0,0,0,0,0,0,0,0,0,0,0,0,0,0,0,0,0,0,0,0,0,2,0,0,0,0,0,0,0,0,0,0,0,0,0,0,0
G15.CTAB,131,28,106,68,13,30,22,13,15,30,52,36,53,66,53,5,1,95,17,15,2,11,6,16,5,1,8,72,14,3,15,0,22,0,19,38,4,9,30,35,1,22,5,6,0,5,1,3,1,3,1,2,29,0,0,6,2,0,6,25,10,2,1,16,4,0,2,6,4,8,0,3,0,2,8,1,0,2,2,1,17,0,5,3,1,1,9,0,0,14,0,0,0,0,1,3,3,0,0,1,0,0,0,2,1,0,3,0,0,2,0,7,0,0,0,0,0,0,0,1,0,0,0,2,1,0,0,2,0,0,1,0,0,0,0,0,0,0,0,2,0,0,0,3,0,0,3,0,0,0,0,0,1,1,0,0,0,0,5,0,0,0,4,0,0,1,0,1,0,0,0,0,0,0,0,0,0,0,0,0,0,0,1,0,0,0,0,0,6,0,0,0,0,0,0,0,8,0,0,0,2,0,0,0,0,0,0,0,0,0,0,0,0,1,0,0,0,0,2,4,0,0,0,0,0,0,0,0,1,0,2,0,0,0,0,0,0,0,0,0,0,0,0,0,0,0,0,0,0,0,0,0,0,1
G15.DDT.BDHDA,109,42,28,50,33,28,16,6,25,20,20,8,56,320,12,4,3,21,0,13,2,17,6,6,6,3,13,0,1,11,0,0,3,3,21,0,3,0,0,17,1,11,0,11,0,0,0,14,3,0,0,3,0,0,0,4,0,0,0,0,0,22,0,0,0,5,2,12,1,0,0,7,0,0,0,1,2,0,0,0,2,0,0,0,2,0,0,0,0,0,0,0,1,0,2,1,14,0,1,2,0,0,0,0,0,1,0,0,0,0,2,0,0,0,0,0,0,0,0,0,2,0,0,16,4,0,0,0,0,0,0,1,0,0,0,0,0,0,0,0,0,2,0,0,0,0,0,0,0,0,0,0,0,0,0,0,0,0,0,0,0,4,0,0,0,0,0,0,0,0,0,0,0,0,0,0,0,5,0,0,0,0,0,0,0,0,0,0,0,0,0,0,0,0,0,0,0,0,0,0,0,0,0,0,0,0,0,0,0,0,0,0,0,0,0,0,0,0,0,0,0,0,0,0,0,0,0,0,0,0,0,0,0,0,0,0,0,0,0,0,0,0,0,0,0,0,0,0,0,0,0,0,2,0
G15.DDT.CTAB,130,31,37,81,24,16,22,8,62,33,42,55,48,249,46,3,1,68,11,22,4,7,4,7,4,2,10,47,17,6,6,0,12,2,15,7,4,8,2,26,1,15,0,4,0,0,0,17,3,0,7,1,2,0,1,11,2,0,3,25,0,23,3,11,3,3,4,0,4,0,0,8,0,0,7,1,1,0,0,0,12,0,0,1,0,0,4,0,0,10,2,0,0,0,0,5,11,0,2,2,0,0,0,1,0,1,0,0,0,0,0,9,1,0,0,0,0,0,0,0,0,0,0,16,0,0,0,0,0,0,0,0,0,0,0,0,0,0,0,0,0,0,1,0,0,0,0,0,0,0,0,0,0,0,0,0,0,0,3,0,0,0,2,0,1,0,0,0,0,0,0,0,0,0,0,0,0,0,0,0,0,0,0,0,0,0,0,0,0,0,0,0,0,0,0,0,1,0,0,0,0,0,0,0,0,0,0,0,0,0,0,0,0,0,0,0,0,0,2,0,0,0,0,0,0,0,0,0,0,0,0,0,0,0,0,0,0,0,0,0,0,0,0,0,0,0,0,0,0,0,0,0,0,0
G15.DDT.DOTAP,67,39,52,21,37,26,7,9,17,28,249,5,81,85,27,16,1,2,4,8,38,13,5,46,6,1,11,0,3,9,12,1,4,0,15,0,0,27,0,1,2,160,9,10,0,0,0,0,1,0,0,6,0,0,1,0,7,0,0,0,0,0,0,111,35,0,1,6,3,0,3,0,4,0,0,1,0,0,0,6,0,0,0,172,0,0,0,0,0,0,0,0,2,0,0,0,0,0,0,0,0,0,0,0,0,0,1,0,0,0,0,0,0,0,0,0,0,0,0,0,0,0,0,16,2,0,0,0,0,0,0,0,0,0,0,0,0,0,0,0,1,0,2,0,0,0,15,0,0,0,0,0,0,0,0,0,0,0,0,0,0,0,0,0,0,0,0,0,9,0,0,0,0,0,0,4,0,2,0,0,0,0,0,0,0,0,0,0,0,0,0,0,0,0,0,0,0,0,0,0,0,0,0,0,0,0,0,0,0,0,0,0,0,0,0,0,0,0,0,0,0,0,0,2,0,0,0,0,0,2,0,0,0,0,0,0,0,0,0,0,0,0,0,0,0,0,0,0,0,0,0,0,0,0
G15.DDT.ODA,10,3,2,19,3,7,2,3,16,4,4,0,4,60,2,0,0,26,0,12,1,0,0,0,0,0,2,0,2,0,0,0,0,1,0,0,0,0,0,7,0,0,0,0,0,0,0,5,1,0,0,0,0,0,0,0,0,0,0,0,0,8,0,0,0,0,0,0,0,0,0,3,0,0,0,0,3,0,0,0,0,0,0,0,0,0,0,0,0,0,0,0,0,0,0,0,12,0,0,0,0,0,0,0,0,0,0,0,0,0,0,0,0,0,0,0,0,0,0,0,0,0,0,9,0,0,0,0,0,0,0,0,0,0,0,0,0,0,0,0,0,0,0,0,0,0,0,0,0,0,0,0,0,0,0,0,0,0,0,0,0,0,0,0,0,0,0,0,0,0,0,0,0,0,0,0,0,0,0,0,0,0,0,0,0,0,0,0,0,0,0,0,0,0,0,0,0,0,0,0,0,0,0,0,0,0,0,0,0,0,0,0,0,0,0,0,0,0,0,0,0,0,0,0,0,0,0,0,0,0,0,0,0,0,0,0,0,0,0,0,0,0,0,0,0,0,0,0,0,0,0,0,0,0
G15.DDT.SA,213,44,32,108,44,45,78,22,150,27,72,7,17,411,24,1,5,40,2,30,5,2,5,1,13,3,13,10,21,5,0,0,12,0,5,0,11,0,0,18,1,0,0,0,0,0,0,36,8,0,3,0,0,0,0,8,0,0,0,10,0,53,5,0,0,0,1,0,0,7,0,7,0,0,0,0,8,0,0,0,2,0,0,0,0,0,0,0,0,0,0,0,0,0,0,2,28,0,0,0,0,0,0,0,0,0,0,0,0,1,0,0,0,0,0,0,0,0,0,0,0,0,0,23,0,0,0,0,0,0,0,0,0,0,0,0,0,0,0,0,0,0,0,0,0,0,0,0,0,0,0,0,0,0,0,0,0,0,0,0,0,2,0,0,0,0,0,0,0,0,0,0,0,0,0,0,5,0,0,0,0,0,0,0,0,0,0,0,0,0,0,0,0,0,0,0,0,0,0,0,0,0,0,0,0,0,0,0,0,0,0,0,0,0,0,0,0,0,0,0,0,0,0,0,0,0,0,0,0,0,0,0,0,0,0,0,0,0,0,0,0,0,0,0,0,0,0,0,0,0,0,0,0,0
G15.DDT.SDS,144,25,59,61,20,33,32,7,48,12,31,62,24,207,18,1,1,46,19,13,5,8,6,6,9,2,12,44,8,10,9,0,31,6,34,8,11,0,7,33,1,14,0,1,0,0,0,16,8,1,13,0,12,0,0,13,3,0,0,13,5,23,2,8,0,0,2,7,1,13,0,6,0,0,2,0,2,0,0,0,15,0,2,0,0,0,8,0,0,8,0,1,0,0,0,0,11,0,1,1,0,0,0,0,0,1,0,0,0,3,0,10,0,0,0,1,0,0,0,0,0,0,0,8,1,0,0,0,0,1,0,2,0,0,0,0,0,0,0,0,0,0,0,1,0,1,0,0,0,0,0,0,0,0,0,0,0,0,0,0,0,2,0,0,0,0,0,0,0,0,0,0,0,0,0,0,0,0,0,0,0,0,0,0,0,0,0,0,0,0,0,0,0,0,0,0,0,1,0,0,1,0,0,0,0,0,0,0,0,0,0,1,0,0,0,0,0,0,0,0,0,0,0,0,0,0,0,0,1,0,0,0,0,0,0,3,0,0,0,0,0,0,0,0,0,0,0,0,0,0,0,0,0,0
G15.DTNB,61,14,13,10,10,14,56,4,5,11,125,33,24,2,128,3,1,271,250,5,2,5,1,30,0,1,1,265,0,0,15,3,3,0,0,18,1,12,1,0,0,1,4,0,7,16,7,3,3,3,0,0,0,4,2,0,34,62,1,0,42,0,2,0,0,0,0,0,0,0,0,0,0,2,0,0,1,62,2,0,0,0,10,0,0,0,0,0,13,0,0,8,0,6,0,0,0,3,1,0,0,0,1,0,0,0,0,0,2,0,0,0,0,0,0,0,2,0,1,0,0,0,1,0,0,2,0,0,0,0,0,0,0,0,0,0,0,0,0,0,0,0,1,0,1,0,0,0,0,0,0,1,0,0,0,3,0,0,0,0,0,0,0,0,0,1,0,0,0,0,0,0,0,0,0,0,0,0,0,0,0,0,0,0,0,0,0,3,0,0,0,0,0,0,0,0,0,0,0,0,0,2,0,0,0,0,0,0,0,0,0,0,0,0,0,0,0,0,0,0,0,0,0,0,2,0,0,0,0,0,0,0,0,0,0,0,0,0,0,0,0,0,0,0,0,0,0,0,0,0,0,0,0,0
G15.F127,192,36,94,60,31,30,42,13,53,56,49,255,22,12,55,1,2,135,42,11,15,9,11,38,7,3,16,133,23,4,44,0,52,0,0,56,17,11,102,27,1,5,14,1,2,3,3,22,11,11,18,0,66,3,2,0,30,59,12,8,34,1,1,2,0,0,3,0,8,14,0,6,0,3,12,1,0,9,3,0,7,2,6,0,0,2,11,0,0,0,1,0,1,0,0,5,17,0,0,2,0,0,0,7,3,0,2,0,0,0,0,20,0,0,0,13,0,0,0,2,0,0,0,2,0,1,0,4,0,0,0,0,0,0,9,0,0,0,0,10,0,0,0,0,3,0,0,0,2,0,0,0,0,0,0,5,0,0,0,2,0,0,0,0,0,0,0,1,0,0,2,0,0,0,0,0,9,0,0,0,0,0,0,0,0,0,0,2,0,0,0,0,0,0,0,0,0,0,0,0,0,0,6,0,0,0,0,0,0,0,0,2,0,0,0,0,1,0,0,0,0,0,0,0,0,0,0,0,0,0,0,0,0,0,0,0,0,0,0,0,0,0,0,0,0,0,0,0,0,0,0,0,0,0
G15.Gly.SH,78,11,40,8,11,5,154,5,8,8,81,3,4,30,152,3,0,365,17,12,37,4,1,7,0,0,0,19,0,0,16,32,5,1,0,8,0,6,0,0,0,2,0,0,8,13,3,2,0,1,0,0,0,3,0,3,0,0,0,0,0,0,0,0,0,0,0,0,0,1,20,0,2,1,0,0,0,0,0,60,0,0,0,0,0,0,0,7,11,0,0,3,0,6,0,0,0,11,0,0,9,0,0,0,0,0,0,4,2,0,0,0,0,0,0,0,0,0,0,0,0,9,0,0,0,0,4,0,0,0,0,0,0,0,0,2,0,2,0,0,0,0,0,0,0,0,0,0,0,0,0,0,0,0,0,0,0,0,0,0,0,0,0,0,0,0,0,0,0,0,0,0,0,0,0,0,0,0,0,0,0,0,0,0,0,0,0,0,0,0,0,0,0,0,0,0,0,0,0,0,0,0,0,0,0,0,0,0,0,0,0,0,0,0,0,0,0,0,0,0,0,0,0,0,0,0,0,0,0,0,0,0,0,0,0,0,0,0,0,0,0,0,0,0,0,0,0,0,0,0,0,0,0,0
G15.HDA,106,31,27,62,41,25,57,5,191,27,101,8,194,293,55,5,1,57,0,30,1,53,2,10,4,1,14,0,7,25,0,0,4,2,12,0,4,11,0,51,1,19,2,8,0,5,0,16,9,0,1,3,0,0,3,0,4,0,0,0,0,44,0,0,0,3,0,7,0,0,0,7,1,0,14,1,0,0,0,0,1,0,0,2,2,2,0,1,0,0,2,8,1,12,6,8,115,0,0,7,0,0,0,0,0,1,2,0,0,10,0,0,1,0,0,0,0,0,0,0,2,0,0,48,3,0,0,0,0,0,1,0,0,9,0,0,0,0,0,0,0,3,0,0,0,0,0,0,0,1,0,0,0,0,0,0,0,0,0,0,0,15,0,0,0,0,0,0,0,0,0,0,0,0,0,0,22,2,0,3,0,0,0,0,0,0,0,0,0,0,0,0,0,0,1,0,0,0,0,3,0,0,0,0,0,3,0,0,0,0,0,3,0,0,0,0,0,0,0,0,0,0,0,0,0,0,0,0,0,0,1,0,0,0,0,0,0,0,0,0,0,0,0,0,0,0,0,0,0,0,0,0,0,0
G15.LA,96,8,18,5,8,4,134,1,7,7,159,11,9,5,160,3,0,403,120,4,0,7,0,5,0,0,0,26,0,0,9,0,0,1,0,6,14,5,0,0,0,0,39,0,5,19,3,0,0,3,0,0,0,2,0,0,0,0,0,0,0,0,0,0,0,0,0,0,0,0,0,0,0,0,0,0,0,0,1,0,0,0,0,0,0,0,0,0,0,0,0,3,0,0,0,0,0,0,0,0,0,0,0,0,0,0,0,0,0,0,0,0,0,0,5,0,0,0,0,0,0,0,0,0,0,0,0,0,0,0,0,0,2,0,0,0,0,0,0,0,0,0,0,0,0,0,0,0,0,0,0,0,0,0,0,0,0,0,0,0,0,0,0,0,0,0,0,0,0,0,0,0,0,0,0,0,0,0,0,5,0,0,0,0,0,0,0,0,0,0,0,0,0,0,0,0,0,0,0,0,0,0,0,0,0,0,0,0,0,0,0,0,0,0,0,0,0,0,0,0,0,0,0,0,0,0,0,0,0,0,0,0,0,0,0,0,0,0,0,0,0,0,0,0,0,0,0,0,0,0,0,0,0,0
G15.MAA,109,17,38,13,14,10,75,7,3,7,147,32,9,5,117,3,1,208,64,4,14,3,0,18,0,0,0,194,0,0,18,6,6,0,0,5,0,3,0,0,0,0,0,0,8,7,3,0,0,0,0,0,0,4,0,3,5,74,0,0,24,0,0,0,0,0,0,0,0,1,25,0,4,2,0,0,0,0,0,57,0,0,0,0,0,0,0,29,0,0,0,0,0,0,0,0,0,0,0,0,28,0,0,4,0,0,0,5,0,0,0,0,0,0,0,0,0,0,0,0,0,0,0,0,0,0,10,0,0,0,0,0,0,0,0,0,0,0,0,0,0,0,0,0,0,0,0,0,0,0,0,0,0,0,0,0,0,0,0,0,0,0,0,0,0,0,0,0,0,0,0,0,0,0,0,0,0,0,0,4,0,0,0,0,0,0,0,0,0,0,0,0,0,0,0,0,0,0,0,0,0,0,0,0,0,0,0,0,0,0,0,0,0,0,0,0,0,0,0,0,0,0,0,0,0,0,0,0,0,0,0,0,0,0,0,0,0,0,0,0,0,0,0,0,0,0,0,0,0,0,0,0,0,0
G15.MBA,36,23,45,7,17,7,117,5,4,10,71,6,13,16,216,8,1,181,21,8,129,4,2,2,0,1,2,76,0,0,7,24,0,0,0,4,0,6,0,0,0,0,0,6,4,10,2,0,0,0,0,0,0,4,1,2,0,9,0,0,0,0,0,0,3,0,0,0,0,0,84,0,6,1,0,0,0,3,0,132,0,0,0,0,0,0,0,47,5,0,0,0,0,4,2,0,0,0,0,0,33,5,3,0,0,0,0,17,7,0,1,0,6,0,0,0,0,0,0,0,0,0,0,0,0,0,10,0,3,0,0,0,0,0,0,0,0,2,3,0,0,0,0,0,0,0,0,0,0,0,0,0,0,0,0,0,0,0,0,0,0,0,0,0,0,0,0,0,0,0,0,0,0,0,0,0,0,0,0,0,0,0,0,0,0,0,0,0,0,0,0,0,0,0,0,0,0,0,0,0,0,0,0,0,0,0,2,0,1,0,0,0,0,0,0,0,0,0,0,0,0,0,0,0,0,0,0,0,0,0,0,0,0,0,0,0,0,0,0,0,0,0,0,0,0,0,0,0,1,0,0,0,0,0
G15.MES,69,15,48,8,12,8,26,4,4,12,76,34,39,24,77,2,0,233,1,3,12,1,0,13,0,0,3,194,0,0,13,9,0,0,0,12,0,11,0,0,0,1,0,0,7,3,5,0,0,0,0,0,6,4,0,0,50,75,24,0,38,0,0,0,0,0,0,0,0,0,16,0,0,0,0,0,0,46,0,45,0,0,20,0,0,0,0,27,6,0,0,0,0,9,1,0,0,0,0,0,17,0,0,0,0,0,0,0,0,0,0,0,0,0,0,9,0,0,0,0,2,0,0,0,0,0,2,0,0,0,0,0,0,0,0,0,0,0,0,0,0,0,0,0,1,0,0,0,0,0,0,0,0,0,0,0,0,0,0,0,0,0,0,0,0,0,0,0,0,0,0,0,0,0,0,0,0,0,0,0,0,0,0,0,0,0,0,0,0,0,0,0,0,0,0,0,0,0,0,0,0,0,0,0,0,0,0,0,0,0,0,0,0,0,0,0,0,0,0,0,0,0,0,0,0,0,0,0,0,0,0,0,0,0,0,0,0,0,0,0,0,0,0,0,0,0,0,0,0,0,0,0,0,0
G15.Met.SH,87,6,20,4,6,4,141,4,10,7,108,3,10,16,153,4,0,429,55,11,0,6,2,13,0,0,0,28,0,0,13,6,4,1,0,12,1,8,3,0,0,3,6,0,5,19,5,0,0,9,0,0,0,3,2,0,0,3,0,0,0,0,0,0,0,0,0,0,0,0,0,0,2,3,0,0,0,1,3,0,0,1,0,0,0,0,0,0,14,0,0,4,0,3,0,0,0,11,0,0,0,0,0,0,1,0,0,0,0,0,0,0,0,0,7,0,11,0,0,0,1,3,0,0,0,0,0,0,0,0,0,0,0,0,0,2,0,2,0,0,0,0,0,0,0,0,0,0,0,1,0,4,0,0,0,0,0,0,0,0,0,0,0,0,0,0,0,0,0,0,0,0,0,0,0,0,0,0,0,0,0,0,0,0,0,0,0,0,0,0,0,0,0,0,0,0,0,0,0,0,0,0,0,0,0,0,2,0,0,0,0,0,0,0,0,0,0,0,0,0,0,0,0,0,0,0,0,0,0,0,0,0,0,0,0,0,0,0,0,0,0,0,0,0,0,0,0,0,0,0,0,0,0,0
G15.MHA,59,27,81,0,47,10,118,11,6,13,58,5,17,9,272,5,2,122,80,2,287,1,1,0,0,5,13,25,0,0,1,131,0,0,0,0,0,0,0,0,1,0,0,3,11,0,0,0,0,0,0,1,0,1,0,0,0,0,0,0,0,0,0,0,0,0,0,0,0,0,165,0,5,0,0,0,0,0,0,185,0,0,0,0,0,0,0,75,12,0,2,0,0,0,6,0,0,0,0,0,33,13,0,0,0,0,0,42,0,0,0,0,0,0,0,0,0,0,1,0,0,0,0,0,0,0,7,0,1,0,0,0,0,0,0,0,0,0,0,0,0,0,0,0,0,0,0,0,0,0,0,0,0,0,0,0,0,0,0,0,0,0,0,0,0,0,0,0,0,0,0,0,0,0,0,0,0,0,0,0,0,0,0,0,0,0,0,0,0,0,0,0,0,0,0,0,0,0,0,0,0,0,0,0,0,0,0,0,0,0,0,0,0,0,0,0,0,0,0,0,0,0,0,0,0,0,0,0,0,0,0,0,0,0,0,0,0,0,0,0,0,0,0,0,0,0,0,0,0,0,0,0,0,0
G15.MHDA,36,23,70,7,33,9,62,7,4,11,59,0,5,3,134,11,1,165,68,2,183,2,3,0,0,1,5,22,0,0,4,35,0,0,0,3,7,5,0,0,0,0,0,2,6,8,1,0,0,0,0,2,1,2,0,1,0,0,8,0,0,0,1,0,0,2,0,0,0,0,125,0,0,0,0,0,0,0,0,107,0,0,0,0,0,0,0,39,2,0,1,0,0,0,2,0,0,14,0,0,8,9,3,0,0,0,0,16,2,0,0,0,5,0,0,0,0,0,0,0,0,0,0,0,0,0,0,0,0,0,0,0,0,0,0,0,0,0,2,0,0,0,0,0,0,0,0,0,2,0,0,0,0,0,0,0,0,0,0,0,0,0,0,0,0,0,0,0,0,0,0,0,0,0,0,0,0,0,0,0,0,0,0,0,0,0,0,0,0,0,0,0,0,0,0,0,0,0,0,0,0,0,0,0,0,0,0,0,1,0,0,0,0,0,0,0,0,0,0,0,0,0,0,0,0,0,0,0,0,0,0,0,0,0,0,0,0,0,0,0,0,0,0,0,0,0,0,0,0,0,0,0,0,0
G15.MPA,54,26,59,6,34,11,177,11,8,13,50,9,25,16,251,5,1,104,26,6,168,1,1,0,2,3,11,53,0,0,2,56,0,1,0,0,0,0,0,0,1,0,0,2,10,0,0,0,0,0,0,0,0,0,0,15,0,0,0,0,0,0,0,0,0,0,0,0,0,0,107,0,4,0,0,0,0,0,0,121,0,0,0,0,1,0,0,63,1,0,0,0,0,0,3,0,0,0,0,0,41,11,0,0,0,0,0,30,2,0,0,0,0,0,0,0,0,0,0,0,0,0,0,0,0,0,13,0,0,0,0,0,0,0,0,0,0,0,0,0,0,0,0,0,0,0,0,0,0,0,0,0,0,0,0,0,0,0,0,0,0,0,0,0,0,0,0,0,0,0,0,0,0,0,0,0,0,0,0,0,0,0,0,0,0,0,0,0,0,0,0,0,0,0,0,0,0,0,0,0,0,0,0,0,0,0,6,0,0,0,0,0,0,0,0,0,0,0,0,0,2,0,0,0,0,0,0,0,0,0,0,0,0,0,0,0,0,0,0,0,0,0,0,0,0,0,0,0,0,0,0,0,0,0
G15.mPEG1K.SH,27,6,3,2,4,6,16,2,0,0,13,0,3,5,21,1,0,110,11,0,31,0,0,0,0,0,0,0,0,0,0,2,0,0,10,0,0,0,13,0,0,0,2,0,0,0,0,0,0,0,1,0,0,0,0,0,0,0,0,0,0,0,0,0,0,0,0,0,1,0,6,0,0,0,0,0,0,0,0,7,0,0,0,1,0,0,0,3,0,0,0,0,0,0,0,0,0,0,0,0,0,0,0,0,0,0,0,0,0,0,0,0,0,0,0,0,0,0,0,0,0,0,0,0,0,0,0,0,0,0,0,0,0,0,0,0,0,0,0,0,0,0,0,0,0,0,0,0,0,0,0,0,0,0,0,0,0,0,0,0,0,0,0,0,0,0,0,0,0,0,0,0,0,0,0,0,0,0,0,0,0,0,0,0,0,0,0,0,0,0,0,0,0,0,0,0,0,0,0,0,0,0,0,0,0,0,0,0,0,0,0,0,0,0,0,0,0,0,0,0,0,0,0,0,0,0,0,0,0,0,0,0,0,0,0,0,0,0,0,0,0,0,0,0,0,0,0,0,0,0,0,0,0,0
G15.mPEG20K.SH..LD.,124,22,119,54,9,13,67,2,10,13,17,127,9,1,35,0,1,2,2,7,0,1,0,0,2,1,9,80,113,0,8,0,22,0,0,0,70,0,0,23,0,0,0,0,0,0,0,16,0,2,61,0,58,0,0,0,0,0,26,12,0,0,3,0,0,0,0,0,0,0,0,11,0,0,0,0,7,0,0,0,0,0,0,0,0,0,0,0,0,0,0,0,0,0,0,0,0,0,0,0,0,0,0,13,0,0,0,0,0,0,0,13,0,0,0,0,0,0,0,0,0,0,0,0,0,0,0,0,0,0,0,0,0,0,0,0,0,0,0,41,0,0,0,0,0,0,0,0,0,0,0,0,0,0,0,0,0,0,0,0,0,0,0,0,0,0,0,0,0,0,3,0,0,0,0,0,0,0,1,0,0,0,0,0,0,0,0,0,0,0,3,0,0,0,0,0,0,0,0,0,0,0,0,0,0,0,0,0,0,0,0,0,0,0,0,0,0,0,0,0,0,0,0,0,0,0,0,0,0,0,0,0,0,0,0,6,0,0,0,0,0,0,0,0,0,0,0,0,0,0,0,0,0,0
G15.mPEG2K.SH,102,32,22,33,30,40,13,11,8,19,5,10,25,81,5,1,3,41,3,0,4,8,6,28,21,2,15,8,1,12,0,4,3,6,39,0,0,0,0,10,1,8,0,0,0,0,0,0,2,0,0,3,0,0,2,3,0,0,0,2,0,1,2,6,0,2,2,12,4,0,0,0,0,0,0,3,0,0,0,0,1,1,0,0,1,0,7,0,0,5,0,0,0,0,0,0,2,0,2,0,0,0,0,0,0,1,9,0,0,1,0,0,0,3,0,0,0,2,0,0,0,0,0,0,0,0,0,0,0,0,0,2,0,0,0,0,1,0,0,0,1,0,2,0,0,0,0,0,1,0,0,0,0,1,0,0,0,0,0,0,2,0,0,0,0,0,0,0,0,0,0,0,0,0,0,0,0,0,0,0,0,0,0,0,1,0,0,0,0,0,0,0,0,0,0,0,0,0,0,0,0,0,0,0,0,0,0,0,0,0,0,0,0,0,1,0,0,0,0,0,0,0,0,0,0,0,0,0,0,0,0,0,0,0,1,0,0,0,0,0,0,0,0,0,1,0,0,0,0,0,0,0,0,0
G15.mPEG5K.SH,92,26,23,27,23,37,11,8,6,17,5,9,26,67,2,1,1,29,3,0,3,6,6,24,15,2,17,2,1,9,0,3,2,7,29,0,0,0,0,2,1,4,0,0,0,0,0,0,3,0,0,3,0,0,3,1,0,0,0,2,0,3,10,5,0,0,1,10,4,0,0,0,0,0,0,1,3,0,0,0,1,1,0,0,1,0,1,0,0,3,0,0,0,0,0,0,0,33,9,0,0,0,0,0,0,1,4,0,0,2,0,0,0,4,0,0,0,1,0,0,0,0,0,0,0,0,0,0,0,0,0,3,0,0,0,0,1,0,0,0,1,0,3,0,0,0,0,0,0,0,2,0,0,0,0,0,0,0,0,0,7,0,0,0,2,0,0,0,0,0,0,0,0,0,9,0,0,0,0,0,0,0,0,3,0,0,0,0,0,0,0,0,0,0,0,0,0,0,0,0,0,0,0,0,0,0,0,0,0,0,0,0,0,0,1,0,0,0,0,0,0,0,0,0,0,0,0,0,0,0,0,0,0,0,1,0,0,0,0,0,0,0,0,0,6,0,0,0,0,0,1,0,0,0
G15.mPEG5K.NH2..SH,45,19,20,9,10,15,8,3,2,10,7,15,7,41,6,0,1,79,0,0,0,0,0,1,4,0,8,18,2,0,0,0,0,0,5,0,7,0,0,0,0,0,0,0,0,0,0,0,0,0,0,1,0,0,0,0,0,0,0,25,0,0,1,0,0,0,0,2,0,0,0,0,0,0,4,0,0,0,0,0,0,0,0,0,0,0,0,0,0,0,0,0,0,0,0,0,0,0,0,0,0,0,0,0,0,0,0,0,0,0,0,0,0,0,0,0,0,0,0,0,0,0,0,0,0,0,0,0,0,0,0,0,0,0,0,0,0,0,0,0,0,0,0,0,0,0,0,0,0,0,0,0,0,0,0,0,0,0,0,0,0,0,0,0,0,0,0,0,0,0,0,3,0,0,0,0,0,0,0,0,0,0,0,1,0,0,0,0,0,0,0,0,0,0,0,0,0,0,0,0,0,0,0,0,0,0,0,0,0,0,0,0,0,0,0,0,0,0,0,0,0,0,0,0,0,0,0,0,0,0,0,0,0,0,0,0,0,0,0,0,0,0,0,0,0,0,0,0,0,0,0,0,0,0
G15.MSA,50,21,52,7,18,11,102,6,4,11,66,7,17,24,224,8,1,121,4,5,151,1,3,2,0,1,0,30,0,0,4,25,0,0,0,2,0,3,0,0,0,0,0,8,0,0,2,0,0,0,0,1,0,1,0,9,0,3,0,0,0,0,0,0,6,0,0,0,0,0,98,0,4,0,0,0,0,0,0,129,0,0,0,0,0,0,0,49,1,0,0,0,0,5,6,0,0,0,0,0,31,7,2,0,0,0,0,20,7,0,1,0,3,0,0,0,0,0,0,0,0,0,0,0,0,0,14,0,2,0,0,0,0,0,0,0,0,2,2,0,0,0,0,0,0,0,0,0,0,0,0,0,0,0,0,0,0,0,0,0,0,0,0,0,0,0,0,0,0,0,0,0,0,0,0,0,0,0,0,0,0,0,0,0,0,0,0,0,0,0,0,0,0,0,0,0,0,0,0,0,0,0,0,0,0,0,0,0,0,0,0,0,0,0,0,0,0,0,0,0,0,0,0,0,0,0,0,0,0,0,0,0,0,0,0,0,0,0,0,0,0,0,0,0,0,0,0,0,0,0,0,0,0,0
G15.MUA,38,19,50,8,29,7,83,8,3,8,82,0,5,3,126,7,1,197,77,6,105,1,1,2,0,1,3,33,0,0,7,20,0,0,0,12,3,7,0,0,0,0,0,6,5,13,0,0,0,3,0,2,8,3,2,1,0,0,0,0,0,0,1,0,0,0,0,0,0,0,82,0,5,1,0,0,0,6,0,99,0,0,0,0,0,0,0,30,5,0,0,0,0,0,1,0,0,5,0,0,0,4,1,0,0,0,0,5,7,0,0,0,4,1,4,0,0,0,1,0,0,0,0,0,0,0,0,0,1,0,0,0,4,0,0,0,0,1,2,0,0,0,0,0,0,0,0,0,1,0,0,0,0,0,0,0,0,0,0,0,0,0,0,0,0,0,0,0,0,0,0,0,0,0,0,0,0,0,0,0,0,0,0,0,0,0,0,0,0,0,0,0,0,0,0,0,0,0,0,0,0,0,0,0,0,0,0,0,0,0,0,0,0,0,0,0,0,0,0,0,0,0,0,0,0,0,0,0,0,0,0,0,0,0,0,0,0,0,0,0,0,0,0,0,0,0,0,0,2,0,0,0,0,0
G15.MUEG4,703,33,16,17,32,19,10,6,8,16,5,5,11,66,0,2,2,16,4,3,4,4,3,3,8,3,10,0,0,5,0,1,3,2,14,0,0,0,0,0,1,0,0,0,0,0,0,0,1,0,0,4,0,0,0,6,0,0,0,0,0,0,0,0,0,0,2,4,0,0,1,3,0,0,0,1,1,0,0,0,1,0,0,0,1,0,3,0,0,1,1,0,1,1,0,0,0,0,0,0,0,0,0,0,0,1,0,0,0,0,2,0,0,0,0,0,0,0,0,0,1,0,0,0,2,0,0,0,0,1,0,0,0,0,0,0,0,0,0,0,0,0,0,1,0,0,0,0,38,0,0,0,0,0,0,0,0,0,0,0,0,0,0,0,0,0,0,0,0,0,0,2,0,0,0,0,0,5,0,0,0,0,0,1,0,0,0,0,0,0,0,0,0,1,0,0,0,0,0,0,0,0,0,0,0,0,0,0,0,0,0,0,0,0,0,0,0,0,0,0,0,0,0,0,0,0,0,0,0,0,0,0,0,0,0,0,0,0,0,0,0,0,0,0,0,0,0,0,0,0,0,0,0,0
G15.MUTA,46,28,170,7,18,12,5,6,12,7,82,14,43,25,39,9,2,67,0,0,8,11,2,59,0,1,4,0,1,0,12,0,0,0,0,0,0,22,0,0,0,103,9,0,0,4,0,0,0,0,0,0,0,0,0,0,12,0,0,0,0,0,1,94,27,0,0,0,4,0,0,0,10,0,0,0,0,0,0,0,0,0,0,88,0,0,0,0,0,0,0,0,0,0,2,0,0,0,0,0,0,0,0,0,0,0,0,0,0,9,0,0,8,0,0,0,0,0,0,0,0,0,0,0,0,0,0,0,0,0,0,0,2,0,0,0,0,0,3,0,0,0,0,0,0,0,59,0,0,0,0,0,0,0,0,0,0,0,0,0,0,0,0,0,0,0,0,0,21,0,0,0,0,0,0,2,0,0,0,0,0,0,0,0,0,0,0,0,0,3,0,0,0,0,0,0,0,0,0,0,0,0,0,0,0,0,0,0,0,11,0,0,0,0,0,0,0,0,0,0,0,0,0,0,0,0,0,0,0,0,0,0,0,0,0,0,0,0,0,0,0,0,0,0,0,0,0,0,0,0,0,0,0,0
G15.nPEG5K.SH,9,9,0,0,0,0,3,0,0,0,8,0,4,6,7,0,0,99,0,0,0,0,0,3,0,0,0,0,0,0,0,2,0,0,0,0,0,0,2,0,0,0,1,0,0,0,0,0,0,0,0,0,0,0,0,0,0,0,0,0,0,0,0,0,0,0,0,0,4,0,3,0,0,0,0,0,0,0,0,1,0,0,0,2,0,0,0,0,0,0,0,0,0,0,0,0,0,0,0,0,0,0,0,0,0,0,0,0,0,0,0,0,0,0,0,0,0,0,0,0,0,0,0,0,0,0,0,0,0,0,0,0,0,0,0,0,0,0,0,0,0,0,0,0,0,0,0,0,0,0,0,0,0,0,0,0,0,0,0,0,0,0,0,0,0,0,0,0,0,0,0,0,0,0,0,0,0,0,0,0,0,0,0,0,0,0,0,0,0,0,0,0,0,0,0,0,0,0,0,0,0,0,0,0,0,0,0,0,0,0,0,0,0,0,0,0,0,0,0,0,0,0,0,0,0,0,0,0,0,0,0,0,0,0,0,0,0,0,0,0,0,0,0,0,0,0,0,0,0,0,0,0,0,0
G15.nPEG5K.SH..LD.,192,50,83,22,24,45,19,20,36,77,34,180,15,15,17,2,4,28,24,3,9,8,7,55,8,4,14,143,21,8,33,2,35,1,4,20,11,7,128,10,1,0,7,5,3,0,2,3,1,29,15,0,108,2,0,0,17,37,5,13,34,0,1,4,2,4,3,4,2,6,0,1,0,1,18,0,1,9,0,0,2,1,0,0,1,1,10,0,0,1,2,0,1,0,0,7,0,0,0,0,0,0,0,5,1,0,0,0,0,0,0,12,2,0,0,12,0,1,0,1,0,0,0,0,0,0,0,2,0,1,0,0,0,0,9,0,0,0,1,5,0,0,0,0,1,0,0,0,0,0,1,0,0,0,1,0,0,0,0,2,0,0,0,0,0,0,1,1,0,0,1,0,0,0,0,0,0,0,0,0,1,0,0,0,0,0,0,1,0,0,2,0,0,0,0,0,0,0,0,0,0,0,1,0,0,0,0,0,1,0,0,0,0,0,0,0,0,0,0,1,0,0,0,0,0,0,0,0,1,0,0,0,0,0,0,0,0,0,2,0,0,0,0,0,0,0,0,0,0,0,0,0,0,1
G15.NT.DCA,102,19,21,59,31,16,59,5,122,10,21,7,20,305,10,1,2,17,2,22,0,6,4,3,6,2,10,2,22,12,0,0,4,5,3,0,19,0,0,34,1,13,0,0,0,0,0,39,7,0,33,0,0,0,0,11,0,0,0,0,0,40,1,0,0,0,1,0,0,0,0,11,0,0,0,1,2,0,0,0,0,1,0,0,0,0,0,0,0,0,0,0,0,2,0,0,4,0,1,4,0,0,0,0,0,1,0,0,0,2,0,0,0,0,0,0,0,0,0,0,1,0,0,6,0,0,0,0,0,1,1,0,0,13,0,0,0,0,0,0,0,5,0,0,0,0,0,0,0,0,0,0,0,0,0,0,0,0,0,0,0,7,0,0,0,0,0,0,0,0,0,0,0,0,0,0,0,0,0,0,0,0,0,0,0,0,0,0,0,0,0,0,0,0,1,0,0,1,0,0,0,0,0,0,0,0,0,0,0,0,0,0,0,0,0,0,0,0,0,0,0,0,0,0,0,0,0,0,0,0,0,0,0,0,0,0,0,0,0,0,0,0,0,0,0,1,0,0,0,0,0,0,0,0
G15.NT.F127,65,15,14,77,11,12,109,5,18,11,10,5,10,61,0,1,1,11,0,24,0,2,1,0,9,2,6,0,10,3,0,0,0,6,4,0,8,0,0,43,1,0,0,0,0,0,0,32,3,0,13,0,0,0,0,0,0,0,0,0,0,48,2,0,0,0,1,0,0,0,0,6,0,0,0,1,0,0,0,0,0,0,0,0,0,0,1,0,0,0,0,0,0,0,0,0,0,0,0,1,0,0,0,0,0,1,0,0,0,0,0,0,0,3,0,0,0,1,0,0,0,0,0,2,0,0,0,0,0,0,0,3,0,6,0,0,0,0,0,0,0,4,0,0,0,0,0,0,0,0,0,0,0,0,0,0,0,0,0,0,1,0,0,0,2,0,0,0,0,0,0,2,0,0,0,0,0,0,0,0,0,0,0,3,0,0,0,0,0,0,0,0,0,0,1,0,0,2,0,0,0,0,0,0,0,0,0,0,0,0,0,0,0,0,1,0,0,0,0,0,0,0,0,0,0,0,0,0,0,0,0,0,0,0,0,0,0,0,0,0,0,0,0,0,0,0,0,0,0,0,0,0,0,0
G15.NT.PSMA.AAP,99,4,9,45,4,5,170,4,14,7,88,9,9,31,147,2,0,396,61,21,0,4,1,9,0,0,0,2,1,0,10,5,4,1,0,12,15,10,19,6,0,3,6,0,0,18,4,14,0,5,2,0,0,0,0,1,0,0,6,0,0,0,0,0,0,0,0,0,0,3,0,0,0,0,0,0,0,0,3,0,0,0,0,0,0,0,0,0,0,0,0,2,0,0,0,0,0,0,1,0,0,0,0,0,0,0,0,0,0,0,0,0,0,0,5,0,0,0,0,0,0,0,0,0,0,0,0,0,0,0,0,0,1,2,0,1,0,0,0,0,0,0,0,0,0,0,0,0,0,0,0,0,0,0,0,0,0,0,0,0,0,0,0,0,0,0,0,0,0,0,0,0,0,0,0,0,0,0,0,0,0,0,0,0,0,0,0,0,0,0,0,0,0,0,0,0,0,0,0,0,0,0,0,0,0,0,0,0,0,0,0,0,0,0,0,0,0,0,0,0,0,0,0,0,0,0,0,0,0,0,0,0,0,0,0,0,0,0,0,0,0,0,0,0,0,0,0,0,0,0,0,0,0,0
G15.NT.PSMA.EA,90,8,12,47,4,5,154,4,12,8,86,7,8,44,146,5,0,422,62,18,0,5,0,9,0,0,0,7,0,0,13,5,4,3,0,9,17,7,14,0,0,0,6,0,3,14,3,11,0,8,3,0,0,0,3,0,0,0,0,0,0,0,0,0,0,0,0,0,0,4,0,0,0,0,0,0,0,0,3,0,0,0,0,0,0,0,0,0,0,0,0,0,0,0,0,0,0,0,1,0,0,0,0,0,0,0,0,0,0,0,0,0,0,0,6,0,0,0,0,0,0,0,0,0,0,0,0,0,0,0,0,0,4,1,0,2,0,0,0,0,0,0,0,0,0,0,0,0,0,0,0,1,0,0,0,0,0,0,0,0,0,1,0,0,0,0,0,0,0,0,0,0,0,0,0,0,0,0,0,0,0,0,0,0,0,0,0,0,0,0,0,0,0,0,0,0,0,0,0,0,0,0,0,0,0,0,0,0,0,0,0,0,0,0,0,0,0,0,0,0,0,0,0,0,0,0,0,0,0,0,0,0,0,0,0,0,0,0,0,0,0,0,0,0,0,0,0,0,0,0,0,0,0,0
G15.NT.PSMA.EDA,84,12,9,157,8,9,177,4,28,8,78,8,8,116,157,2,0,342,4,24,6,2,3,4,0,0,0,0,2,2,13,2,0,2,1,2,13,8,0,28,0,6,1,0,0,15,2,8,2,0,6,0,0,0,2,1,0,0,0,0,0,0,0,0,0,0,0,0,0,0,0,0,0,0,0,0,0,0,0,0,0,0,4,0,0,0,0,0,0,0,0,0,0,0,0,0,5,0,0,0,0,0,0,0,0,0,0,0,0,0,0,0,0,0,0,0,0,0,0,0,0,0,0,0,0,0,0,0,0,0,0,0,0,11,0,2,0,0,0,0,0,2,0,0,0,0,0,0,0,2,0,0,0,0,0,0,0,0,0,0,0,0,0,0,0,0,0,0,0,0,0,0,0,0,0,0,0,0,0,0,0,0,0,0,0,0,0,0,0,0,0,0,0,0,0,0,0,0,0,0,0,0,0,0,0,0,3,0,0,0,0,0,0,0,0,0,0,0,0,0,0,0,0,0,0,0,0,0,0,0,0,0,0,0,0,0,0,0,0,0,0,0,0,0,0,0,0,0,0,0,0,0,0,0
G15.NT.PSMA.Urea,112,12,13,61,8,8,269,4,10,7,161,10,9,14,280,4,1,418,101,20,0,8,0,5,2,1,2,8,1,0,13,7,5,1,0,19,19,6,6,2,0,1,6,0,3,24,1,27,0,4,7,0,0,0,3,0,0,0,2,0,0,0,0,0,0,0,0,0,1,0,0,0,0,1,0,0,0,0,4,0,0,0,0,0,0,0,0,0,1,0,0,4,0,0,0,0,3,0,0,0,0,0,0,0,0,0,0,0,0,0,0,0,0,0,2,0,0,0,0,0,0,0,0,0,0,3,0,0,0,0,0,0,4,0,0,0,0,0,0,0,0,0,0,0,0,0,0,0,0,0,0,0,0,0,0,0,0,0,0,0,0,0,0,0,0,0,0,0,0,0,0,0,0,0,0,0,0,0,1,0,0,0,0,0,0,0,0,0,0,0,0,0,0,0,0,0,0,0,0,0,0,0,0,2,1,0,0,0,0,0,0,0,0,0,0,0,0,0,0,0,0,0,0,0,0,0,0,0,0,0,0,0,0,0,0,0,0,0,0,0,0,0,0,0,0,0,0,0,0,0,0,0,0,0
G15.NT.PVA,56,30,17,2,58,42,5,21,4,14,2,6,3,29,0,1,7,15,0,0,1,1,9,1,35,4,24,0,1,5,0,0,0,6,4,0,0,0,0,0,2,0,0,0,0,0,0,0,0,0,0,4,0,0,0,2,4,0,0,0,0,1,1,0,0,4,0,0,0,0,0,0,0,0,0,1,3,0,0,0,0,0,0,0,1,0,0,0,0,0,0,0,0,0,0,0,0,0,0,0,0,0,0,0,0,1,0,0,0,0,0,0,0,3,0,0,0,1,0,0,0,0,0,0,0,0,0,0,0,1,0,0,0,0,0,0,2,0,0,0,0,0,0,0,4,31,0,0,0,0,0,0,0,0,1,0,0,0,0,0,0,0,0,0,0,0,0,0,0,0,0,0,1,0,0,0,0,0,0,0,0,0,0,0,0,2,0,0,0,0,0,27,0,0,0,0,0,0,0,0,0,0,0,0,0,4,0,0,0,0,0,0,0,0,0,0,0,0,0,0,0,3,0,0,0,0,0,0,0,0,0,0,0,0,0,0,0,0,0,5,0,0,0,0,0,3,0,0,0,0,0,0,0,0
G15.ODA,97,25,18,443,22,10,105,9,219,25,168,29,51,175,95,0,0,101,0,93,0,3,1,0,0,0,7,36,46,9,15,0,0,0,4,18,35,0,0,100,0,0,1,0,0,0,1,45,11,0,18,0,0,0,0,0,0,0,19,0,0,25,1,0,0,0,0,0,0,0,0,32,0,0,0,0,5,0,0,0,6,0,0,0,0,0,0,0,0,0,0,0,0,0,0,0,45,0,0,2,0,0,0,0,0,0,0,0,0,0,0,0,0,0,0,0,0,0,0,0,0,0,0,37,0,0,0,0,0,0,0,0,0,0,0,0,0,0,0,0,0,0,0,0,0,0,0,0,0,0,0,0,0,0,0,0,2,0,0,0,0,0,0,0,0,0,0,0,0,0,0,0,0,0,0,0,15,0,1,0,0,0,0,0,0,0,0,0,0,0,0,0,0,0,0,0,0,0,0,0,0,0,0,0,0,0,0,0,0,0,0,3,0,0,0,0,0,0,0,0,0,0,0,0,0,0,0,0,0,0,0,0,0,0,0,0,0,0,0,0,0,0,0,0,0,0,0,0,0,0,0,0,0,0
G15.PAH.SH,136,41,86,49,26,27,30,9,29,46,147,26,77,5,318,12,1,162,45,15,92,61,7,15,4,1,16,72,19,7,3,3,28,0,13,7,2,16,45,43,1,83,28,7,0,5,1,0,4,0,6,5,0,0,1,11,3,0,0,22,0,6,2,42,10,2,1,0,3,0,73,9,7,2,8,0,0,0,1,161,15,0,3,16,0,0,3,70,0,15,0,0,0,0,6,3,0,0,0,0,49,7,2,3,0,0,6,37,5,0,0,19,0,0,0,0,0,0,0,0,0,0,2,0,0,0,10,0,7,0,1,0,0,0,0,0,0,1,0,0,1,0,0,0,0,0,10,0,0,0,0,0,0,0,0,0,0,10,0,0,0,0,0,0,0,1,0,0,0,0,0,0,0,0,0,0,0,0,0,0,0,0,10,0,0,0,0,0,0,0,0,0,0,0,0,0,0,0,0,1,0,0,0,0,0,0,0,0,0,0,0,0,0,3,0,0,0,0,0,0,0,0,0,0,0,0,0,0,0,0,1,0,0,0,0,0,0,0,0,0,0,0,0,0,0,0,0,0,0,0,0,2,0,0
G15.PEG3K.NH2..SH,5,2,0,0,0,0,1,0,0,0,6,0,0,4,7,0,0,84,0,0,0,0,0,0,0,0,0,0,0,0,0,0,0,0,0,0,0,0,2,0,0,0,0,0,0,0,0,0,0,0,0,0,0,0,0,0,0,0,0,0,0,0,0,0,0,0,0,0,2,0,1,0,0,0,0,0,0,0,0,0,0,0,0,1,0,0,0,0,0,0,0,0,0,0,0,0,0,0,0,0,0,0,0,0,0,0,0,0,0,0,0,0,0,0,0,0,0,0,0,0,0,0,0,0,0,0,0,0,0,0,0,0,0,0,0,0,0,0,0,0,0,0,0,0,0,0,0,0,0,0,0,0,0,0,0,0,0,0,0,0,0,0,0,0,0,0,0,0,0,0,0,0,0,0,0,0,0,0,0,0,0,0,0,0,0,0,0,0,0,0,0,0,0,0,0,0,0,0,0,0,0,0,0,0,0,0,0,0,0,0,0,0,0,0,0,0,0,0,0,0,0,0,0,0,0,0,0,0,0,0,0,0,0,0,0,0,0,0,0,0,0,0,0,0,0,0,0,0,0,0,0,0,0,0
G15.PEI.SH,55,43,177,17,45,41,0,10,17,42,88,8,82,39,496,22,2,63,2,7,394,14,3,90,5,2,17,3,1,7,8,11,0,0,14,0,0,30,0,0,2,137,33,14,0,0,1,0,0,0,0,8,0,0,0,0,8,0,0,0,0,0,2,102,50,4,2,0,3,0,144,0,8,0,0,0,0,0,0,181,0,0,0,163,1,0,0,92,0,0,0,0,1,0,11,0,0,0,0,0,49,26,2,0,3,0,3,32,3,9,0,0,0,0,0,0,0,0,1,0,0,17,0,0,0,0,9,0,4,0,0,0,0,0,0,0,0,3,0,0,1,0,0,0,0,0,87,6,0,0,0,0,0,0,0,0,0,11,2,0,0,0,0,0,0,0,0,0,5,0,0,0,0,0,0,2,0,0,0,3,0,0,4,0,0,0,0,0,1,0,0,0,0,0,0,0,0,0,0,3,0,0,0,0,0,0,0,0,0,0,0,0,1,0,0,0,0,7,0,0,0,0,0,5,0,3,0,0,0,0,0,0,0,0,0,0,0,0,0,0,0,0,0,0,0,0,0,2,0,0,2,3,0,0
G15.Phe,205,49,73,30,12,41,33,9,19,25,54,132,12,7,61,1,1,134,58,6,14,1,9,14,3,4,10,199,8,2,35,4,46,0,30,30,5,10,91,12,0,11,0,5,0,8,2,0,0,18,4,0,50,0,1,0,7,62,3,13,38,0,0,6,2,1,2,0,4,3,2,0,0,3,9,0,0,7,0,0,5,0,12,0,1,0,21,0,0,28,1,0,1,0,0,4,0,0,0,0,0,1,0,3,1,0,0,0,0,1,0,8,4,1,0,12,0,0,0,1,0,0,0,0,0,0,0,6,0,0,0,0,0,0,0,0,0,0,2,0,0,0,0,0,0,0,0,0,1,0,0,0,2,6,0,0,0,0,0,3,0,0,3,0,0,0,2,0,0,0,0,0,0,0,0,0,0,0,0,0,0,0,0,0,0,0,0,0,0,0,0,0,0,0,0,0,0,0,0,0,0,0,0,0,0,0,0,0,0,0,0,0,0,0,0,0,0,0,0,0,0,0,0,0,0,0,0,0,0,0,0,0,0,0,0,0,0,0,0,0,0,0,0,0,0,0,0,0,0,0,0,0,0,0
G15.Phe.SH,89,5,11,31,0,4,156,1,12,7,91,8,7,11,141,3,0,403,58,19,0,5,1,9,0,0,0,22,0,0,11,1,4,2,0,11,4,9,8,4,0,0,2,0,6,14,5,11,1,5,0,0,0,4,2,1,0,0,0,0,0,0,0,0,0,0,0,0,0,4,0,0,0,0,0,0,0,0,1,0,0,0,0,0,0,0,0,0,0,0,0,2,0,0,0,0,0,3,0,0,0,0,0,0,0,0,0,0,0,0,0,0,0,0,11,0,0,0,0,0,0,0,0,0,0,0,0,0,0,0,0,0,0,0,0,2,0,0,0,0,0,0,0,0,0,0,0,0,0,0,0,2,0,0,0,0,0,0,0,0,0,0,0,0,0,0,0,0,0,0,0,0,0,0,0,0,0,0,0,0,0,0,0,0,0,0,0,0,0,0,0,0,0,0,0,0,0,0,0,0,0,0,0,0,0,0,0,0,0,0,0,0,0,0,0,0,0,0,0,0,0,0,0,0,0,0,0,0,0,0,0,0,0,0,0,0,0,0,0,0,0,0,0,0,0,0,0,0,0,0,0,0,0,0
G15.PLL.SH,41,37,97,7,31,33,3,7,19,28,84,9,50,2,262,12,2,30,3,4,175,14,5,57,4,2,10,0,0,3,6,2,0,0,1,0,0,24,0,0,1,178,21,11,0,0,0,0,1,0,0,8,0,0,0,1,5,0,0,0,0,0,2,131,45,2,0,0,2,0,64,0,12,0,0,0,1,0,0,87,1,0,0,135,0,0,0,41,0,0,1,0,1,0,6,0,0,0,0,0,47,8,0,0,0,0,3,26,1,7,0,2,0,0,0,0,0,2,1,1,0,41,0,0,0,0,2,0,2,0,0,0,0,0,0,0,0,2,0,0,1,0,0,0,0,0,78,31,0,0,0,0,0,0,0,0,0,7,0,0,0,0,0,0,0,0,0,0,0,0,0,0,0,0,0,2,0,0,0,0,0,0,4,0,0,0,0,0,0,1,0,0,0,0,0,0,0,0,0,0,0,0,0,0,0,0,0,0,0,5,0,0,2,0,0,0,0,27,0,0,0,0,0,0,0,2,0,0,0,0,0,0,0,0,0,0,0,0,0,0,0,0,0,0,0,0,0,0,0,0,2,1,0,0
G15.PVA,100,39,61,10,49,43,16,18,37,40,40,241,16,2,49,2,8,136,49,0,5,5,11,33,32,3,19,154,4,4,28,0,3,0,5,33,17,6,29,0,1,0,14,2,1,4,2,27,7,7,13,5,7,0,1,0,11,75,0,2,50,0,2,0,0,3,3,0,1,4,0,0,0,2,4,1,0,0,0,0,0,0,0,0,0,0,0,0,0,0,0,0,0,0,0,0,33,0,0,0,0,0,0,2,1,0,0,0,0,0,0,3,0,4,0,1,2,1,0,0,0,0,0,0,0,0,0,2,0,1,0,0,0,0,0,0,0,0,0,0,0,0,0,0,5,31,0,0,0,0,1,0,0,0,0,5,0,0,0,0,0,0,0,0,3,0,0,0,0,0,1,0,0,0,0,0,8,0,0,0,0,0,0,0,0,1,0,0,0,0,0,21,0,0,0,0,0,0,0,0,0,0,0,0,0,5,0,0,0,0,0,0,0,0,0,0,0,0,0,0,0,4,0,0,0,0,0,0,0,0,0,0,0,0,0,0,0,0,0,7,0,0,0,0,0,0,0,0,0,0,0,0,0,0
G15.PVP,333,61,185,19,32,37,13,18,38,65,85,201,9,31,85,10,2,155,31,0,4,6,14,34,13,3,15,263,17,3,94,2,25,0,2,43,11,15,339,5,2,2,2,0,2,0,1,3,1,15,10,4,75,0,2,0,5,61,1,9,61,1,7,0,0,3,0,0,0,0,0,0,0,4,3,1,0,4,0,0,0,0,6,0,2,1,4,0,0,0,2,0,1,0,0,2,0,0,0,0,0,0,0,7,4,0,0,0,0,0,0,10,0,0,0,4,0,0,0,1,0,0,0,0,0,0,0,6,0,0,0,0,0,0,0,0,0,0,0,0,0,0,0,0,0,25,0,0,0,0,0,0,0,0,0,0,0,0,0,2,0,0,0,0,0,0,3,2,0,0,3,0,0,0,0,0,0,0,0,0,1,0,1,0,0,0,0,0,0,0,0,10,0,0,0,0,0,0,0,0,0,0,15,0,0,4,0,0,0,80,0,0,0,0,0,0,3,0,0,0,0,0,0,0,0,0,0,1,2,0,0,0,0,2,0,0,0,0,0,4,0,0,0,0,0,0,0,0,0,0,0,0,0,3
G15.SA,261,63,142,63,15,106,38,39,33,44,57,182,21,45,73,2,4,94,41,12,40,8,16,35,33,3,14,143,24,4,43,3,55,1,82,52,11,13,127,31,1,18,3,5,4,11,2,0,5,20,11,0,104,0,1,6,15,52,12,36,48,0,2,8,3,4,12,0,15,13,0,3,0,3,7,0,0,15,0,0,25,2,23,5,1,3,33,0,0,34,0,0,1,0,0,6,6,0,0,0,0,0,0,3,1,1,0,0,0,0,0,10,0,0,0,18,0,0,0,1,0,0,1,2,0,0,0,10,0,0,0,0,0,0,3,0,0,0,0,4,0,0,0,0,0,0,0,0,0,0,0,0,9,4,1,0,0,0,2,0,0,0,1,0,0,0,2,1,0,0,1,0,0,1,0,0,0,0,1,0,1,0,0,0,0,0,1,1,0,0,0,0,0,0,0,0,0,0,0,0,0,0,3,0,1,0,0,0,0,0,0,2,0,1,0,0,0,0,0,2,0,0,0,0,0,0,0,0,0,0,0,0,0,2,0,0,0,0,0,0,0,0,0,0,0,0,0,0,0,0,0,0,0,0
G15.Ser.SH,104,12,40,9,16,6,138,5,10,9,108,6,8,58,148,2,1,436,24,9,0,5,1,16,0,0,3,22,0,0,16,62,12,2,0,15,2,8,7,0,0,4,0,1,7,17,3,0,0,6,0,1,0,4,2,3,0,4,1,0,0,0,0,0,0,0,0,0,0,1,0,0,2,2,0,0,0,5,2,0,0,0,0,0,0,0,0,0,14,0,0,2,0,3,0,0,0,17,1,0,0,0,2,0,0,0,0,0,0,0,0,0,0,0,11,0,0,0,2,0,2,22,1,0,0,0,0,0,0,0,0,0,0,0,0,1,0,2,0,0,0,0,1,0,0,0,0,0,0,1,0,1,0,0,0,0,0,0,0,0,0,0,0,0,0,0,0,0,0,0,0,0,0,0,0,0,0,0,0,0,0,0,0,0,0,0,0,0,0,0,0,0,0,0,0,0,0,0,0,0,0,0,0,0,0,0,3,0,0,0,0,0,0,0,0,0,0,0,0,0,0,0,0,0,0,0,0,0,0,0,0,0,0,0,0,0,0,0,0,0,0,0,0,0,0,0,0,0,0,0,0,0,0,0
G15.SPP,74,15,45,10,13,9,60,5,10,6,113,30,11,1,121,6,1,210,91,10,8,11,0,13,0,0,2,226,1,1,18,0,11,0,1,13,3,8,20,0,0,0,8,5,8,9,6,0,0,13,0,0,6,3,2,0,1,67,0,0,28,0,0,0,1,0,0,0,0,0,0,0,0,4,0,0,0,2,2,0,0,0,0,0,0,0,0,0,5,0,0,2,0,0,0,0,0,18,0,0,0,0,0,3,0,0,0,0,0,0,0,0,5,0,0,0,8,0,0,0,0,0,1,0,0,0,0,0,0,0,0,0,0,0,0,0,0,0,3,0,0,0,0,0,0,0,0,0,0,0,0,0,0,0,0,0,0,0,0,0,0,0,0,0,0,0,0,0,0,0,0,0,0,0,0,0,0,0,0,0,0,1,0,0,0,0,0,0,0,0,0,0,0,0,0,0,0,0,1,0,0,0,0,0,0,0,0,0,0,0,1,0,0,0,0,0,0,0,0,0,0,0,0,0,0,0,0,0,0,0,0,0,0,0,0,0,0,0,0,0,0,0,0,0,0,0,0,0,0,0,0,0,0,0
G15.T20,179,33,103,67,23,23,61,9,136,56,46,300,27,115,61,1,2,122,21,15,4,6,10,32,8,3,18,93,31,14,33,2,2,0,20,56,19,9,98,20,1,12,23,0,0,0,1,30,10,0,22,0,10,0,2,0,15,7,19,9,32,9,2,3,1,0,2,6,0,24,0,6,0,3,26,2,0,0,0,0,3,0,4,5,0,3,6,0,0,0,0,0,0,0,0,15,51,0,0,5,0,0,0,5,1,0,0,0,0,1,0,4,0,3,0,0,2,0,0,1,0,0,0,10,0,0,0,4,0,0,1,0,0,7,0,0,0,0,0,0,0,6,0,0,0,0,0,0,0,0,0,0,0,0,0,4,0,0,0,0,0,0,0,0,0,0,0,2,0,0,1,0,0,0,0,0,27,0,1,0,0,0,0,0,0,1,0,0,0,0,0,0,0,0,0,0,0,0,0,0,0,0,3,0,0,0,0,0,0,0,0,14,0,0,0,0,0,0,0,0,0,0,0,0,0,0,0,0,3,0,0,0,0,0,0,0,0,0,0,0,0,0,0,0,0,0,0,0,0,0,0,0,0,0
G15.Thr.SH,99,9,28,8,12,6,145,5,11,8,92,5,5,39,134,3,1,420,26,9,0,5,2,14,0,0,3,28,0,0,15,40,7,1,0,14,0,8,7,0,0,4,0,1,6,15,5,0,0,8,0,0,0,3,2,3,0,0,0,0,0,0,0,0,0,0,0,0,0,0,0,0,0,2,0,0,0,1,1,0,0,0,0,0,0,0,0,0,9,0,0,0,0,0,0,0,0,12,0,0,0,0,1,0,0,0,0,0,0,0,0,0,0,0,9,0,4,0,0,0,0,23,0,0,0,0,0,0,0,0,0,0,0,0,0,0,0,2,0,0,0,0,0,0,0,0,0,0,0,1,0,2,0,0,0,0,0,0,0,0,0,0,0,0,0,0,0,0,0,0,0,0,0,0,0,0,0,0,0,0,0,0,0,0,0,0,0,0,0,0,0,0,0,0,0,0,0,0,0,0,0,0,0,0,0,0,0,0,0,0,0,0,0,0,0,0,0,0,0,0,0,0,0,0,0,0,0,0,0,0,0,0,0,0,0,0,0,0,0,0,0,0,0,0,0,0,0,0,0,0,0,0,0,0
G15.TP,70,20,60,13,29,19,148,6,8,18,79,7,14,87,190,7,1,260,73,6,199,3,4,16,7,1,8,56,0,2,23,101,4,0,0,20,0,6,0,0,1,2,8,1,13,18,2,0,0,0,0,6,0,6,4,1,0,17,0,0,6,0,3,0,0,0,0,0,0,0,73,0,3,1,0,1,1,7,0,100,0,0,0,1,0,0,0,11,21,0,0,5,0,19,0,0,0,16,2,0,3,15,2,0,0,0,0,11,5,0,14,0,0,0,0,0,1,0,4,0,1,0,2,0,0,0,0,0,6,0,0,0,0,0,0,0,0,0,0,0,0,0,1,0,0,0,0,0,0,0,0,7,0,0,0,6,0,0,0,0,0,0,0,0,2,0,0,0,0,0,0,0,0,0,0,0,0,0,0,0,0,0,0,0,0,0,0,7,0,0,0,0,0,0,0,0,0,0,0,0,0,0,0,0,0,0,0,0,0,0,0,0,0,0,0,2,0,0,0,0,1,0,0,0,0,0,0,0,0,0,0,0,0,0,0,0,0,1,0,0,1,0,0,0,0,0,0,0,0,0,0,0,0,0
G15.Trp.SH,94,9,22,26,5,6,134,2,8,7,95,13,7,15,119,2,0,330,134,18,0,5,0,12,0,0,0,73,0,0,10,0,17,0,0,14,6,7,20,0,0,0,3,0,8,16,6,7,1,8,0,0,0,3,2,1,0,18,0,0,9,0,0,0,0,0,0,0,0,4,0,0,0,1,0,0,0,3,2,0,0,0,3,0,0,0,0,0,0,0,0,3,0,0,0,0,0,3,0,0,0,0,0,0,0,0,0,0,0,0,0,0,0,0,14,0,0,0,0,0,0,0,0,0,0,0,0,0,0,0,0,0,0,0,0,2,0,0,0,0,0,0,0,0,0,0,0,0,0,0,0,0,0,0,0,0,0,0,0,0,0,0,0,0,0,0,0,0,0,0,0,0,0,0,0,0,0,0,0,0,0,0,0,0,0,0,0,0,0,0,0,0,0,0,0,0,0,0,0,0,0,0,0,0,0,0,0,0,0,0,0,0,0,0,0,0,0,0,0,0,0,0,0,0,0,0,0,0,0,0,0,0,0,0,0,0,0,0,0,0,0,0,0,0,0,0,0,0,0,0,0,0,0,0
G30.AC,182,39,61,14,45,28,231,5,23,17,120,3,11,60,162,7,1,270,115,12,41,11,10,18,4,2,14,47,0,2,23,88,24,1,0,53,0,4,56,0,1,3,5,5,8,15,3,0,0,22,0,4,0,2,2,15,11,31,0,0,2,2,1,0,0,0,0,0,0,0,3,0,0,2,20,1,3,22,2,0,0,18,5,0,0,14,0,0,10,0,2,6,0,12,0,18,0,23,0,0,0,0,2,0,0,0,0,0,1,0,4,0,0,0,26,0,0,0,2,0,2,97,1,0,0,0,0,0,0,0,0,0,0,0,0,1,0,2,0,0,0,0,0,0,0,0,0,0,1,0,0,6,0,0,0,0,0,0,0,0,0,0,0,0,0,0,0,1,0,2,0,0,0,11,0,0,0,0,1,4,0,0,11,0,0,0,0,0,0,0,0,0,0,0,0,0,0,0,0,0,0,0,0,2,0,0,0,0,0,0,0,0,0,0,0,0,0,0,0,0,0,0,0,0,4,0,0,0,0,0,0,0,0,0,0,0,0,1,0,0,1,0,0,0,0,0,0,0,0,0,0,0,0,0
G30.AUT,35,23,43,87,17,12,47,1,23,8,208,3,44,33,451,8,1,111,5,9,53,86,0,6,2,0,2,0,1,0,2,0,0,0,3,0,2,16,0,33,0,23,14,2,0,5,0,0,4,0,2,1,0,0,0,0,0,0,0,1,0,0,0,10,5,0,0,0,0,0,61,9,10,0,0,0,0,0,0,159,3,0,0,41,0,0,0,72,0,0,0,0,0,0,3,0,0,0,0,0,58,3,1,0,0,0,1,41,8,0,0,0,0,0,0,0,0,0,3,0,0,5,1,0,0,0,21,0,5,0,0,0,1,0,0,0,0,1,0,0,0,0,0,0,0,0,0,0,0,0,0,0,0,0,0,0,0,0,0,0,0,0,0,0,0,0,0,0,0,0,0,0,0,0,0,0,0,0,1,10,0,0,1,0,0,0,0,0,0,0,0,0,0,0,0,0,0,0,0,0,0,0,0,0,0,0,0,0,0,0,0,0,1,0,0,0,0,1,0,0,0,0,0,0,0,0,0,0,0,0,0,0,0,0,0,0,0,0,0,0,0,0,0,0,0,0,0,0,0,0,0,1,0,0
G30.CALNN,121,22,127,12,5,21,19,3,3,11,136,29,7,2,205,4,1,372,139,6,0,8,9,30,0,2,5,205,1,2,61,75,18,1,0,57,3,9,21,0,0,0,9,0,7,16,4,8,0,14,0,0,3,3,2,0,0,169,0,0,43,0,1,0,0,0,0,0,0,0,0,0,0,5,0,1,0,0,4,0,0,0,1,3,0,0,0,0,7,0,0,4,0,2,0,0,0,41,0,0,0,0,2,6,2,0,0,0,0,0,0,0,0,0,1,0,10,0,0,0,0,1,3,0,0,0,0,8,0,0,0,0,2,0,3,0,0,0,0,0,0,0,1,0,0,0,0,0,0,0,0,0,0,0,0,0,0,0,0,0,0,0,0,0,0,0,0,2,0,0,0,0,0,0,0,0,0,0,0,0,0,0,0,0,0,0,0,0,0,0,0,0,0,0,0,0,0,0,0,0,0,0,0,0,0,0,0,0,0,0,2,0,0,0,0,0,0,0,0,0,0,0,0,0,0,0,0,0,0,0,0,0,0,2,0,0,0,0,0,0,0,0,0,0,0,0,0,0,0,0,0,0,0,0
G30.CFGAILS,282,26,163,30,8,31,73,5,18,14,109,147,7,34,124,2,1,249,95,10,16,9,9,29,4,2,7,227,6,3,48,6,37,1,4,61,14,9,61,9,0,4,11,5,6,17,5,0,5,16,7,0,33,4,3,0,0,165,3,0,43,0,0,0,0,0,0,0,2,4,0,0,0,6,4,0,3,5,6,0,0,2,8,0,0,0,8,0,0,0,0,4,0,0,0,1,0,11,0,0,0,0,1,11,3,0,0,0,0,0,0,4,0,0,18,7,6,0,0,1,2,0,2,0,0,2,0,6,0,0,0,0,0,0,3,2,0,0,0,0,0,0,0,0,0,0,0,0,0,0,0,3,4,0,0,0,0,0,0,0,0,0,0,0,0,2,2,0,0,0,0,0,0,0,0,0,0,0,0,0,0,0,0,0,0,0,0,5,0,0,0,0,0,0,0,0,0,1,0,0,0,0,0,0,0,0,0,0,0,0,3,0,0,0,0,0,3,0,0,0,0,0,0,0,0,0,0,0,0,0,0,0,0,2,0,0,0,1,0,0,0,0,0,0,0,0,0,0,0,0,0,0,0,0
G30.cPEG5K.SH,95,22,9,18,34,20,10,7,4,17,5,10,27,15,1,1,2,3,16,0,1,11,3,4,7,2,12,9,1,3,0,0,0,2,7,0,2,0,0,0,1,0,0,3,0,0,0,0,0,0,0,3,2,0,1,0,0,0,0,3,0,1,1,0,27,3,0,3,0,0,0,1,0,0,3,0,2,0,0,0,0,0,0,0,0,0,0,0,0,2,0,0,0,0,0,0,0,0,2,0,0,0,0,0,0,1,0,0,0,0,0,0,0,2,0,0,0,0,0,0,0,0,0,0,0,0,0,0,0,0,0,3,0,0,0,0,0,0,0,0,0,0,2,0,0,0,0,0,0,0,0,0,0,0,0,0,0,0,0,0,0,0,0,0,0,0,0,0,0,0,0,0,0,0,0,0,0,0,0,0,1,0,0,0,0,0,0,0,0,0,0,0,0,0,0,0,0,0,0,0,0,0,0,0,0,0,0,0,0,0,0,0,0,0,0,0,0,0,0,0,0,0,0,0,0,0,0,0,0,0,0,0,0,0,0,0,0,0,0,0,0,0,0,0,0,0,0,0,0,0,0,0,0,0
G30.DDT.BDHDA,91,29,16,45,16,34,30,5,35,20,42,2,64,217,40,2,3,53,13,14,0,12,6,15,12,2,7,0,4,9,0,0,4,0,17,1,9,3,0,21,2,12,0,3,0,0,0,18,1,0,1,0,13,0,0,4,0,0,0,1,0,27,0,0,0,0,3,10,2,0,0,5,0,0,2,2,0,0,0,0,2,0,0,0,1,0,0,0,0,2,0,0,0,0,5,3,16,0,0,2,0,0,0,0,0,0,3,0,0,2,0,0,1,0,0,0,0,0,0,0,0,0,0,14,3,0,0,0,0,0,0,0,0,0,0,0,0,0,0,0,0,0,0,0,0,0,0,0,0,0,0,0,0,0,0,0,0,0,1,0,0,13,0,0,0,0,0,0,2,0,0,0,0,0,0,0,0,0,0,0,0,0,0,0,0,0,9,0,0,0,0,0,0,0,1,0,0,0,0,0,0,0,0,0,0,0,0,0,0,0,0,0,0,0,0,0,0,0,0,0,0,0,0,0,0,0,0,0,0,0,0,0,0,0,0,0,0,0,0,0,0,0,1,0,0,0,0,0,0,0,0,0,0,0
G30.DDT.CTAB,126,33,21,71,36,15,80,7,45,8,70,10,12,280,121,3,2,249,35,11,1,16,0,0,4,3,9,6,9,3,5,5,10,4,5,5,9,0,0,17,0,0,0,0,0,8,0,40,2,0,8,0,10,0,3,17,0,0,0,0,0,44,1,0,0,0,0,2,0,0,0,9,0,0,0,1,5,0,0,0,0,0,0,0,0,0,0,0,0,0,0,0,1,0,0,0,6,0,0,0,0,0,0,0,0,1,0,0,0,0,0,0,2,0,0,0,0,0,0,0,0,0,0,3,1,0,0,0,0,0,0,0,0,5,0,0,0,0,0,0,0,0,0,0,0,0,0,0,0,0,0,0,0,0,0,0,0,0,0,0,0,14,0,0,0,0,0,0,0,0,0,1,2,0,1,0,0,0,0,0,0,0,0,0,0,0,0,0,0,0,0,0,0,0,1,0,0,2,0,0,0,0,0,0,0,0,0,0,0,0,0,0,0,0,0,0,0,0,0,0,0,0,0,0,0,0,0,0,0,0,0,0,0,0,0,0,0,0,0,0,0,0,0,0,0,0,0,0,0,0,0,0,0,0
G30.DDT.DOTAP,54,32,43,14,29,18,6,7,7,19,178,4,96,57,22,13,1,0,6,8,13,12,3,46,2,1,4,0,3,5,12,2,0,2,10,0,0,37,0,3,0,188,5,4,0,0,0,0,0,0,0,0,0,0,0,0,11,0,0,0,0,0,1,108,46,0,1,0,3,0,2,0,6,0,0,1,0,0,0,5,0,0,0,203,0,0,0,1,0,0,0,0,0,0,1,0,0,0,4,0,0,0,0,0,0,0,0,0,0,3,0,0,0,0,0,0,0,0,0,0,0,0,0,0,0,0,0,0,0,0,0,0,1,0,0,0,0,0,0,0,0,0,2,0,0,0,29,12,0,0,0,0,0,0,0,0,0,0,0,0,0,0,0,0,0,0,0,0,12,0,0,0,2,0,0,5,0,0,0,12,0,0,1,0,0,0,0,0,2,0,0,0,0,0,0,0,0,0,0,1,0,0,0,0,0,0,0,0,0,0,0,0,0,0,0,0,0,0,0,0,0,0,0,2,0,0,0,0,0,2,0,0,0,0,0,0,0,0,0,0,0,0,0,0,1,0,0,0,0,0,0,1,0,0
G30.DDT.HDA,104,32,12,101,29,26,70,7,22,21,58,3,64,173,65,3,1,97,28,21,0,15,4,5,4,1,5,0,4,5,4,25,3,3,15,0,11,1,4,23,1,8,7,5,0,5,0,34,5,0,1,0,33,0,1,2,0,0,7,0,0,23,0,0,0,2,2,5,0,2,0,7,0,0,0,1,0,0,0,0,0,0,0,0,0,0,0,0,0,0,0,0,0,0,5,0,23,0,2,2,0,0,0,0,0,0,0,0,0,0,0,0,0,0,0,0,0,0,0,0,0,0,0,9,2,0,0,0,0,0,0,2,2,5,0,0,0,0,0,0,0,2,0,0,0,0,0,0,0,1,0,0,0,0,0,0,3,0,0,0,0,11,0,0,0,0,0,0,0,0,0,0,1,0,0,0,0,0,2,0,0,0,0,0,0,0,0,0,0,0,0,0,0,0,1,0,2,0,0,3,0,0,0,0,0,0,0,0,0,0,0,0,0,0,0,0,0,0,0,0,0,0,0,0,0,0,0,0,0,0,0,0,0,0,0,0,0,0,0,0,0,1,0,0,0,0,0,0,0,0,1,0,0,1
G30.LA,81,12,23,11,7,9,131,2,6,9,146,25,7,3,177,5,0,358,201,11,0,10,0,23,3,0,3,169,0,1,16,2,8,1,0,26,16,10,26,0,0,0,42,3,9,21,5,9,0,27,1,0,24,5,3,0,0,123,0,0,23,0,0,0,0,0,0,0,0,1,0,0,0,5,0,2,0,0,5,0,0,0,3,0,0,0,1,0,4,0,0,10,0,0,0,0,0,9,0,0,0,0,0,0,0,0,0,0,6,0,0,0,0,0,10,0,8,0,0,1,0,0,3,0,0,2,0,0,0,0,0,0,10,0,0,2,0,0,0,0,0,0,0,0,0,0,0,0,0,0,0,0,0,0,0,0,0,0,0,0,0,0,0,0,0,0,0,0,0,0,0,0,0,0,0,0,0,0,0,0,0,0,0,0,0,0,0,0,0,0,0,0,0,0,0,0,0,0,2,1,0,0,0,2,0,0,0,0,0,0,2,0,0,0,0,0,0,0,0,0,0,0,0,0,8,0,0,0,0,0,0,0,0,0,0,0,0,0,0,0,1,0,0,0,0,0,0,0,0,0,0,0,0,0
G30.MAA,161,32,70,19,10,21,80,4,5,18,156,53,8,5,235,6,1,177,98,13,21,5,5,33,2,1,6,362,1,1,23,11,19,0,0,21,1,2,16,0,1,0,4,0,8,0,4,6,0,2,0,0,1,5,1,1,11,206,1,0,56,0,0,0,0,1,0,0,0,0,51,0,6,6,0,1,0,5,1,108,0,0,4,0,0,0,0,41,12,0,1,8,0,7,1,0,0,3,1,0,24,0,2,10,0,0,0,10,3,0,0,0,0,0,0,0,2,0,1,2,0,0,3,0,0,1,31,0,4,0,0,0,0,0,0,0,0,0,0,0,0,0,1,0,0,0,0,0,0,0,0,0,0,0,0,8,0,0,0,0,0,0,0,0,0,0,0,0,0,0,0,0,0,0,0,0,0,0,0,0,0,0,0,0,0,0,0,0,0,0,0,0,0,0,0,0,0,2,0,0,0,0,0,0,0,0,0,0,0,0,0,0,0,0,0,0,1,0,0,0,0,0,0,0,0,0,0,0,0,0,0,0,0,2,0,0,0,0,0,0,0,0,0,0,0,0,0,0,0,0,0,0,0,0
G30.Met.SH,69,16,45,13,8,16,163,6,6,7,157,18,4,3,243,10,1,412,188,9,4,6,3,13,4,0,6,197,1,0,27,4,7,2,0,13,6,0,17,0,0,0,7,0,13,14,3,10,0,12,0,0,0,8,2,1,0,65,1,0,12,0,0,0,0,0,0,0,0,0,0,0,0,5,0,1,1,0,6,0,0,0,2,0,0,0,0,0,16,0,0,3,0,4,0,0,0,14,0,0,0,0,0,0,0,0,0,0,0,0,0,0,0,1,2,0,10,0,0,0,0,3,2,0,0,1,0,0,0,0,0,0,0,0,0,3,0,0,0,0,0,0,0,0,1,0,0,0,0,0,0,0,0,0,0,0,0,0,0,0,0,0,0,0,0,0,0,0,0,0,0,0,1,0,0,0,0,0,0,2,0,0,0,0,0,0,0,0,0,0,0,0,0,0,0,0,0,0,2,0,0,0,0,0,0,0,0,0,0,0,0,0,0,0,0,0,0,0,0,0,0,0,1,0,0,0,0,0,0,0,0,0,0,0,0,0,0,0,0,0,0,0,0,0,0,0,0,0,0,0,0,0,0,0
G30.MHDA,74,47,105,14,54,46,27,8,7,40,62,8,28,17,83,11,2,63,153,4,339,9,11,34,12,2,16,42,0,9,4,78,1,0,7,1,1,0,4,0,2,1,0,12,11,4,3,0,0,7,0,10,18,6,0,0,12,22,6,0,4,0,3,1,0,3,3,8,0,0,176,0,4,0,0,1,0,46,0,191,0,0,4,0,1,0,0,133,12,2,1,0,1,0,10,0,0,2,0,0,17,16,2,0,0,1,0,35,4,1,2,0,0,0,6,0,0,0,2,0,0,0,0,0,0,0,4,0,5,0,1,0,0,0,0,0,0,0,0,0,0,0,0,0,0,1,0,0,0,0,0,0,0,0,0,0,0,0,1,0,0,0,0,0,0,0,0,0,0,3,0,0,0,0,0,0,0,0,0,0,0,0,0,0,0,1,0,0,0,0,0,0,0,0,0,0,0,0,0,0,0,0,0,0,0,0,0,0,0,0,0,0,0,0,0,0,0,0,0,1,1,0,0,0,0,0,0,1,0,0,0,0,0,0,0,0,0,0,0,0,0,0,0,0,0,0,0,0,0,0,0,0,0,0
G30.mPEG20K.SH..LD.,120,11,111,31,6,7,26,1,5,3,2,36,7,40,8,0,1,0,4,7,0,2,0,0,2,2,0,194,40,0,0,3,0,2,0,0,21,0,0,15,0,0,0,0,6,0,0,17,3,0,42,0,0,3,0,0,0,0,15,6,0,1,0,0,0,0,0,0,0,0,0,7,0,0,4,1,6,0,0,0,0,0,0,0,0,0,0,0,0,0,0,0,0,0,0,0,0,0,0,0,0,0,0,3,2,0,0,0,0,0,0,21,0,1,0,0,0,0,0,0,0,0,0,0,0,0,0,0,0,0,0,0,0,0,0,0,0,0,0,8,0,0,0,0,0,0,0,0,0,0,0,0,0,0,0,6,0,0,0,0,0,0,0,0,0,0,0,0,0,0,1,0,2,0,1,0,0,0,0,0,0,1,0,0,0,0,0,0,0,0,4,0,0,0,0,0,0,0,0,0,0,0,0,0,0,0,0,0,0,0,0,0,0,0,0,0,0,0,0,0,0,0,0,0,0,0,0,0,1,0,0,0,0,0,0,0,0,0,0,0,0,0,0,0,0,0,0,0,0,0,0,0,0,0
G30.MUA,75,46,81,12,55,35,19,10,7,31,62,8,18,54,73,10,2,104,173,7,324,8,9,23,4,2,14,43,0,5,4,93,0,0,0,1,0,8,6,0,1,0,1,12,8,2,2,0,0,15,0,9,0,7,0,0,34,20,0,0,12,0,2,0,1,2,3,0,0,0,164,0,5,0,0,1,0,86,0,229,0,0,10,0,2,0,0,132,12,0,1,0,1,3,15,0,0,10,1,0,17,18,3,0,0,1,0,31,4,0,2,0,0,0,10,0,0,0,3,0,0,4,0,0,0,0,4,0,9,0,1,0,3,0,1,0,0,0,0,0,0,0,0,0,0,2,0,0,0,0,0,0,0,0,0,0,0,0,0,0,0,0,0,0,0,0,0,0,0,5,0,0,0,0,0,0,0,0,0,0,0,0,0,0,0,0,0,0,0,0,0,0,0,0,0,0,0,0,0,0,0,0,0,0,0,0,0,0,0,0,0,0,0,0,0,0,0,0,0,0,1,0,0,0,3,0,2,1,0,0,0,0,0,0,0,0,0,0,0,0,0,0,0,0,0,0,0,0,0,0,0,0,0,0
G30.MUTA,63,39,73,24,29,30,4,8,16,30,73,15,150,63,39,13,1,33,6,7,8,16,7,158,6,2,10,0,1,5,17,0,0,2,24,0,0,41,0,0,2,231,5,10,2,0,0,0,0,0,0,2,0,2,0,0,14,0,0,0,0,0,1,211,73,0,2,5,9,0,0,0,10,0,5,1,0,0,0,5,0,0,0,248,1,0,0,0,0,2,2,0,0,0,1,0,0,0,0,0,2,0,0,0,0,0,2,0,0,9,0,0,0,0,0,0,0,0,0,0,0,0,0,0,0,0,0,0,0,0,0,0,5,0,0,0,0,0,0,0,0,0,0,0,0,0,127,0,0,0,0,0,0,0,0,0,0,0,0,0,0,0,0,0,0,0,0,0,23,0,0,0,1,0,0,5,0,0,0,4,0,0,0,0,0,0,0,0,0,8,0,0,0,0,0,0,0,0,0,0,0,0,0,0,0,0,0,0,0,13,0,0,0,0,0,0,0,0,0,0,0,0,0,7,0,5,0,0,0,2,0,0,0,0,0,0,0,0,0,0,0,0,0,0,0,0,0,0,0,0,0,0,2,0
G30.NT.F127,59,15,5,84,11,6,157,3,19,4,16,0,7,56,10,1,1,6,0,27,0,4,0,2,1,1,2,0,10,1,0,0,0,2,2,0,15,0,0,75,0,0,0,1,0,0,0,44,4,0,11,0,2,0,0,0,0,0,0,0,0,49,0,0,0,0,0,0,0,0,0,9,0,0,0,0,2,0,0,0,0,0,0,0,0,0,0,0,0,0,0,0,0,0,0,0,0,0,1,3,0,0,0,0,0,0,0,0,0,0,0,0,0,3,0,0,0,0,0,0,0,0,0,0,0,0,0,0,0,0,1,0,0,4,0,0,0,0,0,0,0,0,0,0,0,0,0,0,0,0,0,0,0,0,0,0,0,0,0,0,1,0,0,0,1,0,0,0,0,0,0,0,0,0,0,0,0,0,1,0,0,0,0,0,0,0,0,0,0,0,0,0,0,0,0,0,0,0,0,0,0,0,0,0,0,0,0,0,0,0,0,0,0,0,0,0,0,0,0,0,0,0,0,0,0,0,0,0,0,0,0,0,0,0,0,0,0,0,0,0,0,0,0,0,0,0,0,0,0,0,0,0,0,0
G30.PAH.SH,109,39,62,55,19,26,37,4,20,30,116,19,61,5,181,10,1,84,36,3,62,43,3,13,2,1,9,46,22,1,1,0,23,1,3,8,1,23,29,40,1,56,20,3,0,0,0,0,1,0,7,0,0,0,0,5,2,0,0,16,0,2,2,25,8,0,0,0,2,0,51,4,0,0,6,0,0,0,0,83,8,0,0,8,0,0,1,46,0,6,0,0,0,0,3,3,0,0,0,0,39,3,1,3,0,0,4,23,9,0,0,22,0,0,0,0,0,0,2,1,0,0,1,0,0,0,9,0,7,0,0,0,0,0,0,0,0,2,0,0,0,0,0,0,0,0,5,0,0,0,0,0,0,1,0,0,0,5,0,0,0,0,0,0,0,0,0,0,0,0,0,0,0,0,0,0,0,0,0,7,0,0,3,0,0,0,0,0,0,0,0,0,0,0,0,0,0,0,0,0,0,0,0,0,0,0,0,0,0,0,0,0,0,2,0,0,0,0,0,0,0,0,0,0,0,0,0,0,0,0,0,0,0,0,0,2,0,0,0,0,0,0,0,0,0,0,0,0,0,0,0,0,0,0
G30.Thr.SH,71,17,111,12,10,17,214,4,7,6,179,11,1,0,264,1,6,266,151,6,0,0,2,4,5,0,7,189,0,0,69,125,5,3,0,14,0,0,10,0,0,0,2,0,17,14,1,10,0,5,0,0,0,10,0,0,0,110,0,0,15,0,0,0,0,0,0,0,0,0,0,0,0,1,0,0,4,0,0,0,0,0,0,0,0,0,0,0,5,0,0,0,0,0,0,0,0,0,0,0,0,0,0,0,0,0,0,0,0,0,0,0,0,0,0,0,2,0,0,0,0,3,0,0,0,0,0,0,0,0,0,0,0,0,0,3,0,0,0,0,0,0,0,0,0,0,0,0,0,0,0,0,0,0,0,0,0,0,0,0,0,0,0,0,0,0,0,0,0,0,0,0,0,0,0,0,0,0,0,0,0,0,0,0,0,0,0,0,0,0,0,0,0,0,0,0,0,0,0,0,0,0,0,0,0,0,0,0,0,0,0,0,0,0,0,0,0,0,0,0,0,0,0,0,0,0,0,0,0,0,0,0,0,0,0,0,0,0,0,0,0,0,0,0,0,0,0,0,0,0,0,0,0,0
G30.TP,77,43,113,13,57,23,145,8,5,21,74,5,14,84,120,16,4,152,38,11,371,6,6,8,4,2,13,46,0,4,12,197,2,1,1,7,0,0,0,0,1,0,0,7,15,6,1,0,0,1,0,7,0,9,2,6,2,10,0,0,0,0,2,0,0,3,1,0,0,0,133,0,7,0,0,0,0,11,0,166,0,2,0,0,1,4,0,21,13,0,2,0,0,13,1,0,0,2,0,0,11,23,3,0,0,0,0,21,5,0,7,0,0,0,0,1,0,0,3,0,0,0,0,0,0,0,0,0,5,0,0,0,0,0,0,0,0,1,0,2,0,0,0,0,0,1,0,0,0,0,0,0,0,0,0,0,0,0,0,0,0,0,0,0,0,0,0,0,0,1,0,0,0,0,0,0,0,0,0,0,0,0,0,0,0,0,0,0,0,0,0,0,0,0,0,0,0,0,0,2,0,0,0,2,2,0,0,0,0,0,0,0,0,0,0,1,0,0,0,0,5,0,0,0,0,0,1,0,0,0,0,0,0,0,0,0,6,0,0,0,0,0,0,0,0,0,0,1,0,4,0,0,0,0
G60.AUT,55,34,47,64,14,24,39,7,19,18,177,4,49,31,524,8,1,105,5,8,46,71,4,11,7,1,4,0,1,4,0,0,0,0,10,0,0,8,0,30,0,20,14,4,0,0,0,3,4,0,2,0,0,0,0,0,0,0,0,2,0,0,0,2,2,0,0,5,0,0,55,8,10,0,0,0,0,0,0,211,3,0,0,20,0,0,0,65,0,0,0,0,0,0,2,0,0,0,0,0,65,4,3,0,2,0,2,34,18,0,0,0,0,0,0,0,0,0,4,3,0,0,2,0,0,0,23,0,7,0,0,0,2,0,0,0,0,3,0,0,0,0,0,0,0,0,0,0,0,0,0,0,0,0,0,0,0,3,0,0,0,0,0,0,0,0,0,0,0,0,0,0,0,0,0,0,0,0,0,6,0,0,0,0,0,0,0,0,0,0,0,0,0,0,0,0,0,0,0,0,0,0,0,0,0,0,0,0,0,0,0,0,0,0,0,0,0,1,0,0,0,0,0,0,0,0,0,0,0,0,0,0,0,0,0,0,0,0,0,0,0,0,0,0,0,0,0,0,0,0,0,0,0,0
G60.CIT,275,42,111,47,15,71,35,14,10,32,45,167,14,3,66,1,2,92,76,9,32,5,17,21,27,3,19,229,10,3,37,2,80,0,46,55,12,7,92,20,1,14,0,0,5,9,2,8,5,26,12,0,46,3,2,7,14,123,6,10,55,0,1,7,2,0,5,0,7,0,3,5,0,7,3,1,1,10,4,0,8,3,27,0,0,2,20,0,4,24,2,7,1,0,0,2,0,4,1,0,0,2,2,8,4,0,9,0,0,0,0,23,0,0,0,20,13,0,0,1,0,0,3,0,0,2,0,9,0,1,0,0,0,0,9,0,0,0,0,6,0,0,0,0,6,0,0,0,2,0,0,0,9,8,0,8,0,0,0,2,0,0,1,0,0,0,2,0,0,0,1,0,0,0,2,0,0,0,0,0,0,0,0,0,0,2,0,6,0,0,0,0,4,0,0,0,0,0,0,0,0,1,0,0,0,0,0,0,0,0,1,0,0,3,0,0,3,0,0,0,0,0,0,0,0,0,0,0,0,0,0,0,0,0,0,2,0,0,0,0,0,0,0,0,0,0,0,0,0,0,0,0,0,0
G60.cPEG5K.SH..LD.,111,12,107,38,13,9,19,4,12,10,8,60,0,9,3,2,1,0,1,10,0,1,0,1,2,1,7,239,27,1,1,3,2,2,1,4,11,0,8,13,0,0,0,0,2,0,0,14,0,10,25,0,13,1,0,0,0,0,17,5,0,0,0,0,0,1,0,0,0,1,0,7,0,0,5,1,5,0,0,0,0,0,0,0,0,0,0,0,0,0,0,0,0,0,0,0,0,0,0,0,0,0,0,2,1,0,0,0,0,0,0,10,0,3,0,0,0,0,0,0,0,0,0,2,0,0,0,0,0,0,0,1,0,0,0,0,0,0,0,4,0,0,0,0,0,0,0,0,0,0,0,0,0,0,0,0,0,0,0,0,0,0,0,0,0,0,0,0,0,0,1,0,0,0,1,0,0,0,0,0,0,2,0,0,0,0,0,0,0,0,4,0,0,0,1,0,0,0,0,0,0,0,0,0,0,0,0,0,0,0,0,0,0,0,0,0,0,0,0,0,0,0,0,0,0,0,0,0,0,0,0,0,0,0,0,0,0,0,0,0,0,0,0,0,0,0,0,0,0,0,0,0,0,0
G60.CTAB,175,33,82,66,8,32,39,6,21,36,60,102,47,24,75,2,1,91,54,13,5,11,8,14,4,2,12,154,22,2,39,0,30,1,27,62,11,13,26,41,1,21,5,4,3,7,2,11,3,9,11,0,37,0,2,4,0,106,10,20,37,1,1,10,7,0,1,5,5,19,0,10,0,3,1,1,0,2,2,0,13,0,5,3,0,0,12,0,0,18,0,0,0,0,0,0,2,0,0,0,0,0,2,2,1,0,0,0,0,1,0,9,0,0,0,0,3,0,0,0,0,0,0,2,0,0,0,3,0,0,2,0,0,0,0,0,0,0,0,0,0,0,0,0,4,0,0,0,0,0,0,0,0,0,0,0,0,0,4,0,0,0,4,0,0,0,0,0,0,0,1,0,0,0,0,0,0,0,0,0,0,0,1,0,0,0,0,0,4,0,0,0,0,0,0,0,8,0,0,0,0,0,0,0,0,0,0,0,0,0,2,0,0,0,0,0,0,0,1,1,0,0,0,0,0,0,0,0,0,0,0,0,0,0,0,0,0,0,0,0,0,0,0,0,0,0,0,0,0,0,0,0,0,0
G60.CVVIT,102,12,97,12,5,12,133,3,3,10,130,55,2,0,168,3,1,268,147,9,0,9,6,18,3,0,4,212,1,0,46,10,30,1,0,53,10,5,10,0,0,0,15,0,8,18,4,8,0,13,0,0,1,4,2,0,0,206,1,0,40,0,0,0,0,0,0,0,0,0,0,0,0,5,0,1,2,1,8,0,0,0,5,2,0,0,0,0,6,0,0,7,0,2,0,0,0,20,0,0,0,0,2,12,3,0,0,0,0,0,0,0,0,0,5,0,18,0,0,0,1,0,4,0,0,3,0,5,0,0,0,0,11,0,0,2,0,0,0,0,0,0,0,0,0,0,0,0,0,0,0,5,0,0,0,0,0,0,0,0,0,0,0,0,0,0,0,0,0,0,0,0,0,0,0,0,0,0,0,0,1,4,0,0,0,0,0,2,0,0,0,0,0,0,0,0,0,0,3,0,0,0,0,0,0,0,0,0,0,0,3,0,0,0,0,0,3,0,0,0,0,0,0,0,3,0,0,0,0,0,0,0,0,0,0,0,0,0,0,0,1,0,0,0,0,0,0,0,0,0,0,0,0,0
G60.DDT.BDHDA,85,28,11,44,15,19,43,2,19,9,43,1,43,177,55,2,1,71,26,11,2,16,4,3,4,1,1,0,5,4,0,7,0,2,11,2,10,0,0,11,1,10,8,0,0,0,0,58,4,0,0,0,40,0,3,5,0,0,2,1,0,21,0,0,0,0,0,5,0,0,3,6,0,0,0,1,0,0,0,2,0,0,0,0,0,0,0,1,0,0,0,0,0,0,8,0,7,0,0,1,0,0,0,0,0,1,0,0,0,2,0,0,1,0,0,0,0,0,0,0,0,0,0,1,2,0,0,0,0,0,0,0,0,0,0,0,0,0,0,0,0,1,0,0,0,0,0,0,0,1,0,0,0,0,0,0,0,0,0,0,0,25,0,0,0,0,0,0,0,0,0,0,2,0,0,0,0,0,0,2,0,0,0,0,0,0,18,0,0,0,0,0,0,0,2,0,0,0,0,0,0,0,0,0,0,0,0,0,0,0,0,0,0,0,0,0,0,0,0,0,0,0,0,0,0,0,0,0,0,0,0,0,0,0,0,0,0,0,0,0,0,0,0,1,0,0,0,0,0,0,0,0,0,0
G60.DDT.DOTAP,62,30,56,21,23,27,10,7,6,19,117,2,83,37,10,13,1,0,7,1,3,10,2,31,5,1,5,0,1,4,12,0,0,1,12,0,0,32,0,2,1,100,7,0,2,0,0,0,0,0,0,0,0,1,0,0,8,0,0,0,0,0,0,74,26,0,0,0,2,0,0,0,3,0,1,0,0,0,0,0,0,0,0,136,0,1,0,0,0,0,0,0,0,0,1,0,0,0,0,0,0,0,0,0,0,0,0,0,0,2,0,0,0,4,0,0,0,0,0,0,0,0,0,0,0,0,0,0,0,0,0,0,1,0,0,0,0,0,0,0,0,0,0,0,0,0,19,11,0,0,0,0,0,0,0,0,0,0,0,0,0,0,0,0,0,0,0,0,5,0,0,0,0,0,0,5,0,0,0,0,0,0,0,0,0,0,0,0,0,5,0,0,0,0,0,0,0,0,0,0,0,0,0,0,0,0,0,0,0,0,0,0,0,0,0,0,0,0,0,0,0,0,0,0,0,0,0,0,0,1,0,0,0,0,0,0,0,0,0,0,0,0,0,0,0,0,0,0,0,0,0,0,0,0
G60.DTNB,81,22,24,12,16,25,24,7,3,21,104,41,30,6,64,3,0,99,145,7,0,7,1,44,3,1,5,327,1,3,18,4,8,0,0,38,1,9,7,0,0,0,3,3,9,5,7,6,0,18,0,0,3,4,1,0,15,145,1,0,53,0,0,0,0,0,0,0,0,0,0,0,0,4,0,0,0,40,3,0,0,0,14,0,0,0,0,0,13,0,1,10,0,13,4,0,0,20,1,0,0,0,0,2,0,0,0,0,0,0,0,0,0,0,2,0,16,0,0,0,0,0,3,0,0,2,0,0,0,0,0,0,0,0,3,0,0,0,0,0,0,0,0,0,1,0,0,0,0,0,0,0,0,0,0,0,0,0,0,0,0,0,0,0,0,2,0,0,0,0,0,0,0,0,0,0,0,0,0,0,0,0,0,0,0,0,0,4,0,0,0,0,0,0,0,0,0,0,1,1,0,5,0,0,0,0,0,0,0,0,0,0,0,0,0,0,0,0,0,0,0,0,0,0,0,0,0,0,1,0,0,1,0,0,0,0,0,0,0,0,0,0,0,0,0,0,0,0,0,0,0,0,0,0
G60.HDA,73,22,15,96,19,18,66,5,60,10,68,2,101,108,57,2,2,67,2,25,6,25,2,3,0,2,3,0,8,6,0,4,0,2,6,5,16,0,0,59,0,6,4,5,0,0,0,34,7,0,2,0,14,0,2,2,0,0,7,0,0,20,0,0,0,0,0,2,0,0,4,13,0,0,6,0,2,0,0,2,0,0,0,0,0,0,0,0,0,0,0,1,0,3,11,5,40,0,1,5,0,0,0,0,0,1,0,0,0,4,0,0,3,0,0,0,0,0,0,0,1,0,0,25,2,0,0,0,0,0,0,3,0,10,0,0,0,0,0,0,0,0,0,0,0,0,0,6,0,1,0,0,0,0,0,0,0,0,0,0,0,21,0,0,0,0,0,0,0,0,0,0,2,0,0,0,12,0,0,0,0,0,0,0,0,0,0,0,0,0,0,0,0,0,2,0,0,0,0,1,0,0,0,1,0,0,0,0,0,0,0,0,0,0,0,0,0,0,0,0,0,0,0,0,0,0,0,0,0,0,0,0,0,0,0,0,0,0,0,0,0,0,0,1,0,0,0,0,0,0,0,0,0,0
G60.MBA,49,30,40,14,31,18,60,5,4,16,81,9,34,16,334,11,1,106,59,9,169,5,7,4,3,2,6,63,0,0,5,23,0,0,0,6,0,0,0,1,1,0,0,5,6,2,1,0,0,0,0,3,0,3,1,16,6,4,9,0,0,0,0,0,7,1,0,0,0,0,124,1,4,4,0,0,2,32,0,193,0,0,2,0,0,0,0,112,7,0,0,3,0,5,8,0,0,0,1,0,54,9,6,0,0,0,0,37,7,0,0,0,0,0,0,0,0,0,2,0,0,0,1,0,0,0,29,0,6,0,0,0,0,0,0,0,0,4,0,0,0,0,0,0,0,0,0,2,0,0,0,0,0,0,0,0,0,0,0,0,0,0,0,0,0,1,0,0,0,0,0,0,0,0,0,0,0,0,0,0,0,0,0,0,0,0,0,0,0,0,0,0,0,0,0,0,0,0,0,0,0,0,0,0,0,0,0,0,0,0,0,0,0,0,0,0,0,0,0,0,1,0,0,0,0,0,0,0,0,0,0,0,0,0,0,0,1,0,0,0,0,0,0,0,0,0,0,0,0,0,0,0,0,0
G60.MPA,52,31,42,15,32,23,143,6,5,18,66,9,26,16,383,12,1,70,100,10,170,4,6,5,2,3,9,89,0,1,0,26,1,1,0,1,0,2,0,2,1,0,0,9,7,0,3,0,0,0,0,3,0,3,0,40,1,34,0,0,1,0,0,0,6,2,0,0,1,0,115,0,4,1,0,1,0,8,0,220,0,0,0,0,0,0,0,110,7,0,0,0,0,4,6,0,0,0,1,0,58,9,4,0,0,0,0,38,8,0,4,0,0,0,0,0,0,0,3,0,0,0,0,0,0,0,30,0,5,0,0,0,0,0,0,0,0,2,0,0,0,0,0,0,0,0,0,4,0,0,0,0,0,0,0,0,0,0,0,0,0,0,0,0,0,0,0,0,0,2,0,0,0,0,0,0,0,0,0,0,0,0,0,0,0,0,0,0,0,0,0,0,0,0,0,0,0,0,0,0,0,0,0,0,0,0,0,0,0,0,0,0,0,0,0,0,0,0,0,0,0,0,0,0,0,0,0,0,0,0,0,0,0,0,0,0,1,2,0,0,0,0,0,0,0,0,0,1,0,0,0,0,0,0
G60.mPEG20K.SH,74,12,42,13,10,10,4,4,2,5,2,10,13,27,7,0,1,0,4,3,0,0,0,0,1,2,0,23,1,1,0,0,0,2,0,0,2,0,0,0,0,0,0,2,0,0,0,3,0,0,11,0,0,0,0,0,0,0,0,0,0,1,0,0,5,0,0,0,0,0,0,0,0,0,0,0,4,0,0,0,0,0,0,0,0,0,0,0,0,0,0,0,0,0,0,0,0,0,0,0,0,0,0,0,0,0,1,0,0,0,0,0,0,4,0,0,0,0,0,0,0,0,0,0,0,0,0,0,0,0,0,0,0,0,0,0,0,0,0,0,0,0,2,0,0,0,0,0,0,0,0,0,0,0,0,0,0,0,0,0,0,0,0,0,0,0,0,0,0,0,0,0,0,0,0,0,0,0,0,0,0,0,0,0,0,0,0,0,0,0,0,0,0,0,0,0,0,0,0,0,0,0,0,0,0,0,0,0,0,0,0,0,0,0,0,0,0,0,0,0,0,0,0,0,0,0,0,0,0,0,0,0,0,0,0,0,0,0,0,0,0,0,0,0,1,0,1,0,0,0,0,0,0,0
G60.mPEG5K.SH,78,31,21,33,20,39,16,10,4,12,13,14,20,29,5,3,3,13,7,6,4,3,6,26,8,3,6,5,1,5,0,1,0,8,9,0,2,0,0,0,1,0,0,1,0,0,0,9,0,0,0,0,0,0,0,0,0,0,0,5,0,1,0,0,5,0,0,5,1,0,0,0,0,0,3,0,5,0,0,0,0,0,0,0,1,0,0,0,0,0,0,0,0,0,0,0,0,0,4,0,0,0,0,0,0,1,0,0,0,0,0,0,0,4,0,0,0,0,0,0,0,0,0,0,0,0,0,0,0,0,0,3,0,0,0,0,0,0,0,0,0,0,0,0,0,0,0,0,0,0,0,0,0,0,0,0,0,0,0,0,2,0,0,0,0,0,0,0,0,0,0,1,0,0,0,0,0,0,0,0,1,0,0,0,0,0,0,0,0,0,0,0,0,0,0,0,0,0,0,0,0,0,0,0,3,0,0,0,0,0,0,0,0,0,0,0,0,0,0,0,0,0,0,0,0,0,0,0,0,0,0,0,0,0,0,0,0,0,0,0,0,0,0,0,0,0,0,0,0,0,0,0,0,0
G60.MUTA,53,42,55,19,34,42,4,7,12,34,57,12,140,26,24,14,1,19,4,7,8,10,7,136,7,2,15,0,2,10,14,0,0,0,28,0,0,38,4,1,2,225,0,10,0,0,0,0,0,0,0,6,0,1,0,0,20,0,0,0,0,0,1,173,67,2,3,10,7,0,1,0,5,0,3,1,0,0,0,9,1,0,0,249,1,0,0,0,0,1,1,0,0,0,2,2,0,0,0,0,1,0,0,0,0,0,1,0,0,7,0,0,0,0,0,0,0,0,0,0,0,0,0,0,0,0,0,0,0,0,0,0,3,0,0,0,0,0,0,0,0,0,0,0,0,0,99,0,0,0,0,0,0,0,0,0,0,0,0,0,0,0,0,0,0,0,0,0,21,0,0,0,0,0,0,4,0,0,0,0,0,0,0,0,0,0,0,0,1,10,0,0,0,0,0,0,0,0,0,1,0,0,0,0,0,0,0,0,0,6,0,0,0,0,0,0,0,0,0,0,0,0,0,3,0,5,0,0,2,0,0,0,0,0,0,0,0,0,0,0,0,0,0,0,0,0,0,0,0,0,0,0,0,0
G60.nPEG5K.SH,98,21,27,29,22,18,7,6,4,15,4,19,36,11,0,1,4,7,120,5,1,10,3,12,5,2,7,20,2,4,0,0,0,2,18,0,1,0,0,0,1,0,0,2,0,0,0,3,0,0,1,0,4,0,0,0,0,0,0,6,0,1,0,0,51,2,0,4,1,0,0,0,0,0,2,0,3,0,0,0,0,1,0,0,0,2,0,0,0,0,0,0,0,0,0,0,0,0,0,0,0,0,0,0,0,1,0,0,0,0,0,0,0,3,0,0,0,0,0,0,0,0,0,0,0,0,0,0,0,0,0,0,0,0,0,0,0,0,0,0,0,0,0,0,0,0,0,0,0,0,0,0,0,0,0,0,0,0,0,0,1,0,0,0,0,0,0,0,0,0,0,0,0,0,0,0,0,0,0,0,0,0,0,0,0,0,0,0,0,0,0,0,0,0,0,0,0,0,0,0,0,0,0,0,0,0,0,0,0,0,0,0,0,0,0,0,0,0,0,0,0,0,0,0,0,0,0,0,0,0,0,0,0,0,0,0,0,0,0,0,0,0,0,0,0,0,0,0,0,0,0,0,0,0
G60.NT.PSMA.AP,86,9,13,81,5,7,265,2,10,6,149,16,6,2,243,2,1,368,131,24,0,4,0,2,2,1,2,14,1,0,14,6,5,2,0,29,20,7,9,9,0,0,8,0,4,24,2,27,0,7,8,0,0,2,3,0,0,0,3,0,0,0,0,0,0,0,0,0,0,0,0,0,0,0,0,1,2,0,3,0,0,0,0,0,0,0,0,0,0,0,0,7,0,0,0,0,5,0,0,0,0,0,0,0,0,0,0,0,0,0,0,0,0,0,2,0,0,0,0,0,0,0,0,0,0,4,0,0,0,0,0,0,3,0,0,0,0,0,0,0,0,0,0,0,0,0,0,0,0,0,0,0,0,0,0,0,0,0,0,0,0,0,0,0,0,0,0,0,0,0,0,0,0,0,0,0,0,0,0,0,0,0,0,0,0,0,0,0,0,0,0,0,0,0,0,0,0,2,0,0,0,0,0,3,0,0,0,0,0,0,0,0,0,0,0,0,0,0,0,0,0,0,0,0,0,0,0,0,0,0,0,0,0,0,0,0,0,0,0,0,0,0,0,0,0,0,0,0,0,0,0,0,0,0
G60.NT.PVA,27,30,4,2,47,29,3,13,1,9,7,0,1,9,0,0,9,26,3,1,0,0,6,0,14,4,23,0,0,0,0,0,0,3,0,0,0,0,0,0,0,0,0,0,0,0,0,2,0,0,0,2,0,0,0,0,0,0,0,0,0,1,0,0,0,0,0,0,0,0,0,0,0,0,0,1,0,0,0,0,0,0,0,0,0,0,0,0,0,0,0,0,0,0,0,0,0,0,0,0,0,0,0,0,0,1,0,0,0,0,0,0,1,0,0,0,0,2,0,0,0,0,0,0,0,0,0,0,0,2,0,1,0,0,0,0,1,0,1,0,0,0,0,0,0,23,0,0,0,0,0,0,0,0,0,0,0,0,0,0,0,0,0,0,0,0,0,0,0,0,0,1,0,0,0,0,0,0,0,0,0,0,0,0,0,0,0,0,0,0,0,8,0,0,0,0,0,0,0,0,0,0,0,0,0,0,0,0,0,0,0,0,0,0,0,0,0,0,0,0,0,2,0,0,0,0,0,0,0,0,0,0,0,0,0,0,0,0,0,3,0,0,0,0,0,3,0,0,0,0,0,0,0,0
G60.ODA,101,30,36,219,19,16,77,8,90,15,118,26,24,92,108,5,1,198,11,38,0,21,3,13,3,1,6,23,23,4,21,5,3,2,9,49,20,3,3,68,1,2,14,0,3,7,1,46,9,0,45,0,29,0,4,3,0,0,14,0,0,21,0,1,0,1,0,0,0,9,0,21,0,0,4,1,0,0,4,0,0,0,0,0,0,0,0,0,0,0,0,0,1,0,0,0,22,0,0,4,0,0,0,0,0,0,0,0,0,0,0,0,3,4,0,0,0,0,0,0,2,0,0,18,0,0,0,0,0,0,0,0,1,9,0,0,0,0,0,0,0,0,0,0,0,0,0,0,0,1,0,0,0,0,0,0,0,1,0,0,0,0,0,0,1,0,0,0,0,0,0,0,0,0,0,0,7,0,1,0,0,0,0,0,0,0,0,0,0,0,0,0,0,0,1,0,0,0,0,0,0,0,0,0,0,2,0,0,0,0,0,0,0,0,0,0,0,0,0,0,0,0,0,0,0,0,0,0,0,0,0,0,0,0,0,0,0,0,0,0,0,0,0,0,0,0,0,0,0,0,0,0,0,0
G60.Phe.SH,121,22,40,63,14,12,546,6,4,8,312,23,0,0,253,2,7,209,191,15,10,1,1,4,8,0,15,195,1,0,28,2,8,0,0,19,21,1,17,5,0,0,0,0,12,21,5,36,0,8,0,0,0,7,0,0,0,168,0,0,8,1,0,0,0,0,0,0,0,0,0,0,0,2,0,0,0,0,1,0,0,0,0,0,0,0,0,0,4,0,0,0,0,0,0,0,0,9,0,0,0,0,0,0,0,0,0,0,0,0,0,0,0,0,0,0,6,0,0,0,0,0,3,0,0,1,0,0,0,0,0,0,0,0,0,0,0,0,0,0,0,0,0,0,0,0,0,0,0,0,0,0,0,0,0,0,0,0,0,0,0,0,0,0,0,0,0,0,0,0,0,0,0,0,0,0,0,0,0,0,0,0,0,0,0,0,0,1,0,0,0,0,0,0,0,0,0,0,0,0,0,0,0,0,0,0,0,0,0,0,0,0,0,0,0,0,0,0,0,0,0,0,0,0,0,0,0,0,0,0,0,0,0,0,0,0,0,0,0,0,0,0,0,0,0,0,0,0,0,0,0,0,0,0
G60.PVA,120,63,84,64,80,65,50,34,79,33,104,247,9,5,52,7,22,101,4,10,0,3,8,1,36,4,21,200,21,0,40,0,0,0,0,15,82,0,0,0,0,0,0,0,0,0,0,57,8,2,60,3,0,0,4,0,0,58,0,1,19,3,1,0,0,7,0,0,0,1,0,1,0,1,0,0,4,0,0,0,0,0,0,0,0,0,0,0,0,0,1,0,0,0,0,0,35,0,0,0,0,0,0,2,1,0,0,0,0,0,0,4,0,0,0,0,0,1,0,0,0,0,0,0,0,0,0,0,0,1,0,0,0,0,0,0,0,0,0,0,0,0,0,0,0,31,0,0,0,0,0,0,0,0,0,0,0,0,0,0,0,0,0,0,0,0,0,0,0,0,0,0,0,0,0,0,0,0,0,0,0,0,0,0,0,0,0,0,0,0,0,24,0,0,0,0,0,0,0,0,0,0,0,0,0,0,0,0,0,0,0,0,0,0,0,0,0,0,0,0,0,4,0,0,0,0,0,0,0,0,0,0,0,0,0,0,0,0,0,3,0,0,0,0,0,2,0,0,0,0,0,0,0,0
G60.Ser.SH,59,19,163,8,23,15,96,6,8,8,112,15,6,6,143,3,1,239,110,6,13,6,7,15,4,2,7,167,0,0,30,93,16,0,0,23,4,3,9,0,0,0,6,3,14,9,3,5,0,14,0,1,2,3,2,7,0,123,0,0,23,0,0,0,0,0,0,0,0,0,7,0,0,5,0,1,0,16,2,7,0,0,3,2,0,0,0,0,14,0,0,5,1,5,0,0,0,36,1,0,0,0,2,1,0,0,0,0,1,0,0,0,1,3,1,0,7,0,2,0,1,11,1,0,0,0,0,1,0,0,0,0,0,0,2,1,0,1,1,0,0,0,1,0,2,0,0,0,0,0,0,0,0,0,0,3,0,0,0,0,0,0,0,0,0,0,0,0,0,1,0,0,0,0,0,0,0,0,0,0,0,0,0,0,0,0,0,0,0,0,0,0,0,0,0,0,0,0,0,0,0,0,0,0,0,0,0,0,0,0,0,0,0,0,0,0,0,0,0,0,0,0,0,0,0,0,0,0,0,0,0,0,0,0,0,0,0,0,0,0,0,0,0,0,0,0,0,0,0,0,0,0,0,0
G60.SPP,87,19,59,19,7,14,43,4,2,9,88,83,4,8,38,2,0,81,61,11,2,8,4,20,0,0,0,179,2,0,17,3,20,0,0,30,7,0,20,0,0,0,5,3,3,6,4,0,0,19,1,0,5,0,0,0,0,134,0,0,24,0,0,0,0,0,0,0,0,1,0,0,0,4,0,0,0,0,3,0,0,0,0,0,0,0,0,1,6,3,0,2,0,2,0,0,0,15,2,0,0,0,0,6,1,0,0,0,0,0,0,6,0,0,0,3,20,0,0,0,0,0,0,0,0,1,0,0,0,0,0,0,0,0,1,1,0,0,0,0,0,0,0,0,0,0,0,0,0,0,0,0,0,0,0,0,0,0,1,0,0,0,0,0,0,1,0,0,0,0,0,0,0,0,0,0,0,0,0,0,0,0,0,0,0,0,0,0,0,0,0,0,0,0,0,0,0,0,0,0,0,2,0,0,0,0,0,0,0,0,5,0,0,0,0,0,3,0,0,0,0,0,0,0,0,0,0,0,0,0,0,0,0,0,0,0,0,0,0,0,0,0,0,0,0,0,0,0,0,0,0,0,0,0
G60.Trp.SH,101,17,40,22,13,17,122,5,5,14,109,33,6,0,130,6,1,208,148,10,4,10,0,11,6,0,5,207,1,0,18,2,20,1,0,23,11,4,20,0,0,0,6,1,10,7,3,16,0,23,1,0,2,5,2,0,0,189,1,0,23,0,0,0,0,0,0,0,0,3,0,0,0,4,0,1,1,4,4,0,0,0,0,0,0,0,0,0,9,0,0,6,0,1,0,0,0,16,1,0,0,0,3,4,0,0,0,0,0,0,0,0,0,0,2,0,18,0,0,0,0,0,4,0,0,4,0,0,0,0,0,0,0,0,0,0,0,0,0,0,0,0,1,0,0,0,3,0,0,0,0,0,0,0,0,0,0,0,0,0,0,0,0,0,0,0,0,0,0,0,0,0,0,0,1,0,0,0,0,0,0,1,0,0,0,0,0,0,0,0,0,0,0,0,0,0,0,0,1,0,0,0,0,1,0,0,0,0,0,0,2,0,0,0,0,0,0,0,0,0,0,0,0,0,0,0,0,0,0,0,0,0,0,0,0,0,0,0,0,0,0,0,0,0,0,0,0,0,0,0,0,0,0,0
S40.AUT,108,40,227,19,75,49,10,12,12,25,154,18,61,13,802,14,2,46,6,12,446,4,4,38,12,5,14,4,2,13,7,13,0,1,41,0,0,21,0,5,2,22,6,10,0,0,2,0,0,0,0,12,0,0,2,0,7,0,0,2,0,0,1,12,12,4,1,19,3,0,200,0,5,0,0,0,0,0,0,131,8,0,0,60,1,0,0,88,0,3,2,0,1,0,2,0,0,0,0,0,41,51,0,0,0,0,0,34,4,0,0,0,0,0,0,0,0,1,0,1,0,0,0,0,0,0,13,0,0,0,6,0,0,0,0,0,1,0,0,0,0,0,0,4,0,0,0,0,2,0,0,0,0,0,0,0,0,1,0,0,0,0,0,0,0,0,0,0,1,5,0,0,0,0,0,0,0,0,0,0,0,0,4,0,0,0,0,0,3,0,0,0,0,0,0,0,2,0,0,0,0,0,0,0,0,0,0,0,0,0,0,0,0,0,0,0,0,0,4,0,1,0,0,0,0,0,0,0,0,0,0,0,0,0,0,0,0,0,0,0,0,0,0,0,0,0,0,0,0,0,0,0,1,0
S40.CIT,133,59,68,11,19,117,31,22,5,30,120,50,30,0,70,3,2,161,226,7,21,9,16,43,30,6,14,333,0,10,27,0,59,0,39,27,3,13,41,0,1,3,23,0,9,6,11,3,8,10,0,0,17,5,1,0,34,83,0,0,69,0,2,4,0,0,6,12,2,0,0,0,0,6,2,0,0,29,6,0,5,0,15,0,0,0,8,0,7,13,3,3,1,8,0,0,0,8,0,3,0,0,0,14,0,2,0,0,0,0,0,10,0,0,0,0,12,2,0,3,0,0,2,0,0,4,0,0,0,1,6,0,0,1,9,3,2,0,0,0,0,0,0,7,1,0,0,0,0,0,0,0,7,2,1,0,0,0,5,0,0,0,0,1,0,0,0,0,0,0,0,0,0,0,0,0,0,0,0,0,0,5,0,0,0,0,0,0,1,0,0,0,0,0,0,2,0,0,0,0,0,0,0,0,0,0,0,1,0,0,0,0,0,0,0,0,0,0,0,0,0,0,0,0,4,0,0,0,0,0,0,0,0,0,0,0,0,0,0,0,0,0,0,0,0,0,2,0,0,0,0,0,0,0
S40.cPEG5K.SH,154,29,53,21,37,45,9,8,4,22,11,21,52,25,9,3,3,15,19,10,8,6,5,68,16,2,13,199,1,15,0,0,0,1,56,0,0,1,4,2,2,13,4,1,0,0,0,0,2,0,0,5,4,0,0,1,7,22,0,5,16,0,4,13,11,0,7,21,8,0,0,0,0,0,3,0,0,0,0,0,16,0,0,0,1,0,5,0,0,5,2,0,0,0,0,0,1,0,0,0,0,0,0,0,0,0,18,0,0,0,0,0,1,0,0,0,0,2,0,0,0,0,0,0,1,0,0,0,0,0,14,0,0,0,0,0,1,0,0,0,0,0,0,8,0,0,0,0,1,0,4,0,0,0,1,8,0,0,6,0,0,0,0,0,0,0,0,0,0,0,0,0,0,0,0,0,0,0,0,0,1,0,0,0,0,0,0,0,4,0,0,0,0,0,0,0,4,0,0,0,1,0,0,0,0,0,0,0,0,0,0,0,0,0,0,0,0,0,1,0,0,0,0,0,0,0,0,0,0,0,0,0,0,0,0,0,0,0,0,0,0,0,0,0,0,0,0,0,0,0,0,0,0,0
S40.DDT.DOTAP,78,40,34,25,23,49,8,9,15,27,237,6,64,14,22,4,2,14,11,11,7,7,7,82,23,4,11,12,0,21,9,2,1,1,63,0,0,48,4,2,2,52,6,0,0,0,0,0,2,0,0,2,3,0,1,0,15,0,0,4,0,0,7,58,16,2,6,27,6,0,0,0,5,0,0,0,0,0,0,0,13,0,0,191,0,1,0,4,0,4,2,0,1,0,1,0,2,0,0,1,0,0,0,0,0,1,13,0,0,2,0,0,3,0,0,0,0,1,0,2,0,0,0,11,1,0,0,0,0,0,10,2,0,0,0,0,1,0,0,0,0,3,1,12,0,0,11,4,0,0,3,0,0,0,1,0,0,0,3,0,0,0,0,0,0,0,0,0,6,0,0,5,0,0,0,3,0,0,0,0,0,0,0,2,0,0,0,0,5,0,0,0,0,0,0,0,0,0,0,0,2,0,0,0,0,0,0,0,0,0,0,0,0,0,0,0,0,1,2,0,0,0,0,0,0,0,0,0,0,0,0,0,0,0,0,0,0,0,0,0,0,0,0,0,0,0,0,0,0,0,0,0,0,0
S40.HDA,89,27,48,27,14,28,45,3,18,20,132,52,36,31,84,2,1,204,235,12,4,7,4,53,15,0,6,328,0,12,28,8,25,1,27,25,10,13,9,3,1,9,41,2,8,8,13,15,10,5,0,0,22,4,9,1,28,78,7,3,63,0,4,0,2,0,4,14,0,7,0,0,0,6,0,0,2,23,5,0,10,0,4,3,0,0,0,0,9,4,0,6,1,22,0,0,0,14,4,8,0,0,3,16,0,0,5,0,3,0,0,4,0,4,0,0,12,0,0,0,0,0,3,3,3,7,0,0,0,0,6,0,0,0,5,3,0,0,0,0,0,0,3,4,0,0,0,0,0,0,2,0,0,0,0,0,4,0,1,0,0,0,0,0,2,0,0,0,0,0,0,1,0,0,0,0,0,0,0,0,0,4,0,1,0,0,0,0,7,0,0,0,0,0,0,0,0,0,0,0,0,0,0,0,0,0,0,0,0,0,0,0,0,0,0,0,1,0,0,3,0,0,0,0,0,0,0,0,0,0,0,0,0,2,0,0,0,0,0,0,0,0,0,0,0,0,0,0,0,0,0,0,0,0
S40.LA,99,20,33,16,14,27,50,5,8,19,146,34,37,0,101,4,1,272,271,8,2,9,3,55,7,1,4,271,0,12,25,4,10,1,27,17,4,10,19,0,1,6,33,0,6,9,10,3,0,13,0,0,0,4,1,0,14,83,0,0,59,0,2,0,4,0,2,18,3,0,0,0,0,4,0,0,0,0,3,0,9,0,0,0,0,0,0,0,0,3,0,7,1,18,0,0,0,16,0,0,0,0,0,5,0,0,7,0,2,0,0,0,0,0,2,0,14,0,0,0,1,0,2,0,0,1,0,0,0,0,6,0,4,0,0,0,0,0,0,0,0,0,1,7,0,0,0,0,0,0,1,0,0,0,0,5,0,0,0,0,0,0,0,0,0,0,0,0,0,0,0,0,0,0,0,0,0,0,0,0,0,3,0,0,0,0,0,0,0,0,0,0,0,0,0,0,5,0,0,0,0,0,0,0,0,0,0,0,0,0,0,0,0,0,0,0,0,0,0,0,0,0,0,0,0,0,0,0,0,0,0,2,0,3,0,0,0,0,0,0,0,0,0,0,0,0,0,0,0,0,0,0,0,0
S40.MAA,119,33,84,19,48,36,261,6,9,23,131,6,36,18,244,10,1,261,92,17,281,5,8,43,10,4,13,49,0,13,12,53,20,1,38,25,0,15,6,0,2,11,50,5,9,12,4,0,0,3,0,8,0,4,3,27,16,6,1,0,0,0,3,0,2,3,5,17,5,0,136,0,3,0,0,0,2,37,2,179,9,0,0,0,1,0,0,46,11,4,1,9,1,32,0,0,0,0,0,0,27,16,2,0,0,0,7,27,13,0,3,0,0,0,0,0,0,0,1,0,4,12,1,0,0,2,3,0,0,0,9,0,0,0,4,3,0,0,0,0,0,1,0,8,0,0,0,0,0,0,0,6,0,0,0,0,2,0,7,0,0,0,0,0,0,0,0,0,0,3,0,0,0,0,1,0,0,0,0,0,0,0,0,0,0,0,0,6,0,0,0,0,0,0,0,2,0,0,0,0,0,0,0,0,0,0,1,0,0,0,0,0,0,0,0,0,0,0,0,0,0,0,0,0,0,0,0,0,0,0,0,0,4,0,0,0,3,0,0,0,0,0,0,0,0,0,0,3,0,0,0,0,0,0
S40.MBA,87,39,107,17,65,32,42,9,8,23,52,16,46,9,864,13,2,99,12,9,294,2,4,43,8,2,13,84,0,12,6,24,0,1,39,0,0,8,0,1,1,6,0,6,4,0,3,0,0,0,0,10,0,2,1,2,6,24,0,0,0,0,2,1,12,3,3,18,4,0,180,0,3,1,0,0,0,0,0,188,7,0,0,0,0,0,0,108,7,0,2,0,0,23,2,0,0,0,0,0,56,25,2,0,0,0,5,38,12,0,2,0,0,0,0,0,0,2,1,0,0,0,0,0,0,0,15,0,1,0,7,0,0,0,0,0,1,2,0,0,0,0,0,4,0,0,0,0,0,0,0,0,0,0,0,0,0,0,3,0,0,0,0,0,0,0,0,0,0,2,0,0,0,0,0,0,0,0,0,0,0,0,0,0,0,0,0,0,0,0,0,0,0,0,0,0,2,0,0,0,0,0,0,0,0,0,0,1,0,0,0,0,0,0,0,0,0,0,0,1,0,0,0,0,0,0,0,0,0,0,0,0,0,0,0,0,5,2,0,0,0,0,0,0,0,0,0,3,0,0,0,0,0,0
S40.MES,94,37,135,20,82,36,77,8,8,30,55,18,56,51,330,14,2,200,0,11,418,3,3,45,10,5,16,71,0,14,7,21,6,0,38,7,0,14,8,8,2,16,10,10,9,0,4,0,3,0,0,17,15,4,1,3,20,31,22,0,7,0,1,0,7,5,2,18,0,0,187,0,3,0,0,0,0,39,0,174,8,8,10,0,1,4,4,99,6,4,2,3,1,21,12,0,0,0,1,0,57,39,3,0,0,0,12,56,9,0,2,0,0,0,0,16,0,2,1,0,10,3,0,0,0,5,14,0,3,0,9,0,0,0,0,1,1,0,0,0,1,0,0,5,0,0,0,0,0,0,0,12,0,0,0,0,2,0,6,0,0,0,0,0,0,11,0,0,0,0,0,0,0,0,0,0,0,0,0,0,0,0,0,0,0,0,0,0,0,0,0,0,0,0,0,0,0,0,0,0,0,0,0,0,0,0,0,1,0,0,0,0,0,0,0,1,0,0,0,2,0,0,0,0,0,0,0,0,0,0,0,0,6,0,0,0,4,0,0,0,0,0,0,0,0,0,0,2,0,0,0,0,0,0
S40.MHDA,13,3,16,0,14,5,21,1,0,0,17,5,8,0,68,3,0,65,6,1,163,0,0,9,3,0,0,26,0,2,0,40,0,0,3,0,0,1,0,0,0,2,0,2,0,0,0,0,0,0,0,0,0,0,0,0,1,4,0,0,0,0,0,0,1,0,0,0,3,0,46,0,0,0,0,0,0,0,0,61,0,1,0,0,0,0,0,15,0,0,0,0,0,0,0,0,0,0,0,0,4,8,0,0,0,0,0,8,0,0,0,0,3,0,0,0,0,0,0,0,0,0,0,0,0,0,0,0,0,0,0,0,0,0,0,0,0,0,0,0,0,0,0,0,0,0,0,0,0,0,0,0,0,0,0,0,0,0,0,0,0,0,0,0,0,0,0,0,0,0,0,0,0,2,0,0,0,0,0,0,2,0,0,0,0,0,0,0,0,0,0,0,0,0,0,0,0,0,0,0,0,0,0,0,0,0,0,0,0,0,0,0,0,0,0,0,0,0,0,0,0,0,0,0,0,0,0,0,0,0,0,0,0,0,0,0,0,0,0,0,0,0,0,0,0,0,0,0,0,0,0,0,0,0
S40.mPEG5K.SH,135,32,77,26,25,39,5,8,6,25,5,14,50,14,8,1,2,12,8,9,8,6,5,72,20,2,9,88,0,20,0,0,0,2,57,0,0,0,2,2,1,17,0,1,0,0,0,0,2,0,0,3,3,0,0,0,7,0,0,9,0,0,4,16,8,4,8,29,11,0,0,0,0,0,4,0,0,0,0,1,23,0,0,0,1,0,0,0,0,3,2,0,0,0,0,0,3,0,1,0,0,0,0,0,0,0,22,0,0,1,0,0,0,3,0,0,0,1,0,0,0,0,0,0,0,0,0,0,0,0,14,1,0,0,0,0,1,0,0,0,0,0,0,10,0,0,0,0,0,0,4,0,0,0,1,3,0,0,2,0,0,0,0,0,0,0,0,0,0,0,0,0,0,0,0,0,0,0,0,0,1,0,0,0,0,0,0,0,0,0,0,0,0,0,0,0,0,0,0,0,2,0,0,0,0,0,0,1,0,0,0,0,0,0,0,0,0,0,0,0,0,0,0,0,0,0,0,0,0,0,0,0,0,0,0,0,0,0,0,0,0,0,0,0,0,0,0,0,0,0,0,0,0,0
S40.MUTA,71,37,101,25,24,39,7,9,13,24,44,16,71,16,27,7,2,29,7,9,24,6,6,111,13,3,11,16,0,17,11,0,0,1,51,0,0,31,5,2,1,119,5,1,0,0,0,0,2,0,0,0,0,0,0,0,18,0,0,4,0,0,2,143,55,4,6,25,10,0,1,0,9,0,2,1,0,0,0,0,14,0,0,218,0,0,0,0,0,6,2,0,1,0,0,0,2,0,1,0,4,0,0,0,2,0,12,4,0,12,0,0,0,0,0,0,0,2,0,2,0,0,0,0,1,0,0,0,0,0,11,1,0,0,0,0,1,0,0,0,0,3,0,9,0,0,111,0,0,0,3,0,0,0,1,0,0,0,3,0,0,0,0,0,0,0,0,0,19,0,0,0,0,0,0,3,0,0,0,0,0,0,0,0,0,0,0,0,3,4,0,0,0,0,0,0,4,0,0,0,4,0,0,0,0,0,0,0,0,10,0,0,0,0,0,0,0,0,4,0,0,0,0,0,0,6,0,0,0,0,0,0,0,0,0,0,0,0,0,0,0,0,0,0,0,0,0,0,0,0,0,0,0,0
S40.nPEG5K.SH,125,37,41,25,30,37,10,8,8,23,24,26,57,31,23,1,3,33,69,11,6,7,5,70,18,3,14,191,1,19,8,0,1,1,55,0,1,7,0,4,1,16,4,1,0,0,0,0,1,0,0,0,18,0,0,0,10,25,0,7,32,0,3,11,49,6,9,24,9,0,0,0,0,0,0,1,0,0,0,0,17,0,0,0,1,0,3,0,0,4,2,0,0,0,0,0,5,0,0,0,0,0,0,0,0,2,15,0,0,0,0,0,1,0,0,0,0,0,0,1,0,0,0,0,1,0,0,0,0,1,10,0,0,0,0,0,1,0,0,0,1,0,0,11,0,0,1,0,0,0,5,0,0,0,1,0,0,0,1,0,0,0,0,0,0,0,0,0,0,0,0,0,0,0,0,0,0,0,0,0,1,0,0,0,0,0,0,0,0,0,0,0,0,0,0,0,0,0,0,0,4,0,0,0,0,0,0,1,0,0,0,0,0,0,0,0,0,0,0,0,0,0,0,0,0,0,0,0,0,0,0,0,0,0,1,0,0,0,0,0,0,0,0,0,0,0,0,0,0,0,0,0,0,0
S40.PLL.SH,54,40,101,15,55,34,1,13,9,28,70,9,57,0,299,9,2,16,6,5,209,3,5,49,8,4,13,6,1,12,9,0,0,1,38,0,0,75,0,0,2,131,8,5,0,0,0,0,1,0,0,11,0,0,0,0,31,0,0,2,0,0,4,140,57,4,3,19,6,0,107,0,8,0,0,0,0,0,0,91,9,0,4,251,1,0,0,29,0,3,2,0,0,0,8,0,3,0,0,0,57,12,0,0,0,0,9,21,2,6,0,0,0,0,0,0,0,0,0,1,0,35,0,0,0,0,3,0,2,0,7,0,0,0,0,0,0,0,0,0,1,0,0,6,0,0,86,31,0,0,3,0,0,0,1,0,0,2,0,0,0,0,0,0,0,0,0,0,0,0,0,0,0,0,0,4,0,0,0,0,0,0,0,0,0,0,0,0,0,3,0,0,0,0,0,0,0,0,0,0,0,0,0,0,0,0,0,1,0,0,0,0,0,0,0,0,0,16,4,3,0,0,0,2,0,0,0,0,0,0,0,0,0,0,2,0,0,0,0,0,0,0,0,0,0,0,0,2,0,0,0,0,0,0
S40.PVA,89,28,50,91,51,35,88,8,48,23,106,39,36,0,87,5,2,164,66,14,1,9,4,51,18,2,14,275,10,13,27,0,5,1,36,29,29,8,3,11,1,7,28,3,7,3,6,24,15,2,11,6,8,4,3,4,21,108,10,3,66,12,4,2,4,4,4,16,5,7,0,13,0,7,1,0,0,0,3,0,11,0,0,0,0,0,0,2,0,5,0,1,1,16,0,0,17,11,1,17,0,0,2,9,0,0,7,0,3,0,0,0,1,0,1,0,0,0,0,0,4,0,3,8,0,3,0,0,0,0,5,0,0,3,0,2,1,0,0,0,0,0,0,6,5,29,0,0,0,0,1,0,2,0,0,7,0,0,0,0,0,0,0,0,0,3,0,0,0,0,0,0,0,0,0,0,0,0,0,0,0,0,0,0,0,0,0,0,0,0,0,25,0,0,0,0,0,0,0,0,0,0,0,0,0,3,0,1,0,0,0,0,0,0,0,0,0,0,6,0,0,0,0,0,0,0,0,0,0,0,0,0,0,2,0,0,0,0,0,5,0,0,0,0,0,0,0,0,0,0,0,0,0,0
S40.SA,173,35,25,141,25,38,173,11,106,27,331,20,50,22,130,2,11,146,14,47,32,1,3,16,10,12,36,188,5,62,14,0,72,0,39,7,27,0,15,6,2,4,10,0,4,5,3,40,9,2,0,3,10,0,2,6,1,109,7,3,26,10,5,0,0,3,1,46,4,3,0,0,0,0,0,0,0,0,0,0,7,0,0,0,0,0,4,0,0,0,0,0,0,6,0,0,33,0,0,2,0,0,1,0,0,2,2,0,0,2,0,0,0,0,0,0,0,0,0,0,4,0,0,6,1,0,0,0,0,3,0,0,0,4,0,0,1,0,0,0,0,2,0,3,0,0,0,0,0,0,2,0,4,3,0,0,0,0,0,0,0,0,0,0,0,1,0,0,0,0,0,0,0,0,0,0,0,0,0,0,0,0,0,0,0,0,1,0,0,0,0,0,0,0,0,0,0,0,0,0,1,0,1,0,0,0,0,0,0,0,0,0,0,0,0,0,0,0,0,1,0,0,0,0,0,0,0,0,0,0,0,0,0,0,0,6,0,0,0,0,0,0,0,0,0,0,0,0,0,0,0,0,0,0